form_title,form_slug,field_key,field_label,field_type,required,options,help_text,section
"Agreement of Breaks Between Shifts Form","agreement-of-breaks-between-shifts-form","fromDate","From Date","text",TRUE,"","",""
"Agreement of Breaks Between Shifts Form","agreement-of-breaks-between-shifts-form","toDate","To Date","text",TRUE,"","",""
"Agreement of Breaks Between Shifts Form","agreement-of-breaks-between-shifts-form","managerName","Manager Name","text",TRUE,"","",""
"Agreement of Breaks Between Shifts Form","agreement-of-breaks-between-shifts-form","managerSignature","Manager Signature","text",TRUE,"","",""
"Agreement of Breaks Between Shifts Form","agreement-of-breaks-between-shifts-form","employeeName","Employee Name","text",TRUE,"","",""
"Agreement of Breaks Between Shifts Form","agreement-of-breaks-between-shifts-form","employeeSignature","Employee Signature","text",TRUE,"","",""
"Agreement of Increased Part Time Hours Form","agreement-of-increased-part-time-hours-form","fromDate","From Date","text",TRUE,"","",""
"Agreement of Increased Part Time Hours Form","agreement-of-increased-part-time-hours-form","toDate","To Date","text",TRUE,"","",""
"Agreement of Increased Part Time Hours Form","agreement-of-increased-part-time-hours-form","managerFullName","Manager Full Name","text",TRUE,"","",""
"Agreement of Increased Part Time Hours Form","agreement-of-increased-part-time-hours-form","managerSignature","Manager Signature","text",TRUE,"","",""
"Agreement of Increased Part Time Hours Form","agreement-of-increased-part-time-hours-form","employeeFullName","Employee Full Name","text",TRUE,"","",""
"Agreement of Increased Part Time Hours Form","agreement-of-increased-part-time-hours-form","employeePayrollNumber","Employee Payroll Number","text",TRUE,"","",""
"Agreement of Increased Part Time Hours Form","agreement-of-increased-part-time-hours-form","employeeSignature","Employee Signature","text",TRUE,"","",""
"Barcode Update Form","barcode-update-form","staffCode","Staff Code","text",TRUE,"","",""
"Barcode Update Form","barcode-update-form","location","Location","text",TRUE,"","",""
"Barcode Update Form","barcode-update-form","acumenCode","Acumen Code","text",TRUE,"","",""
"Barcode Update Form","barcode-update-form","description","Description","text",TRUE,"","",""
"Barcode Update Form","barcode-update-form","barcode","Barcode","text",TRUE,"","",""
"Camera Cage Voting Form","camera-cage-voting-form","doYouThinkThisProductOrInitiativeIsViableForTedsCameras","Do you think this product or initiative is viable for Ted's Camera's?","radio",TRUE,"Yes - this product is viable;No - this initiative is not viable","Please consider market demand and supplier availability",""
"Camera Cage Voting Form","camera-cage-voting-form","productLines","Please select what product line(s) would be most effective for Ted's Cameras to take on.","select",TRUE,"Leofoto product line;Smallrig product line;Kondor Blue product line","",""
"Camera Cage Voting Form","camera-cage-voting-form","viabilityNotes","Viability Notes","textarea",FALSE,"","Provide additional viability information if applicable",""
"Camera Cage Voting Form","camera-cage-voting-form","supplierNotes","Supplier Notes","textarea",FALSE,"","Provide additional supplier information if applicable",""
"Cash Register Till Variance Form","cash-register-till-variance-form","store","Store","text",TRUE,"","",""
"Cash Register Till Variance Form","cash-register-till-variance-form","teamMemberName","Team member name","text",TRUE,"","Submitted By",""
"Cash Register Till Variance Form","cash-register-till-variance-form","register","Register","text",TRUE,"","",""
"Cash Register Till Variance Form","cash-register-till-variance-form","varianceType","Variance Type","radio",TRUE,"Surplus (Over);Deficiency (Under)","",""
"Cash Register Till Variance Form","cash-register-till-variance-form","tenderType","Tender Type","radio",TRUE,"Cash;EFTPOS;Gift Vouher;Pickups;Float;VC/MC/BC;Cheque;Diners;Amex;Customer Order Deposit;Credit Card Return;Customer Order Finalised;Tender > Sale Correction","",""
"Cash Register Till Variance Form","cash-register-till-variance-form","varianceAmount","Variance Amount","currency",TRUE,"","",""
"Cash Register Till Variance Form","cash-register-till-variance-form","actionTakenToRectifyVariance","Action taken to rectify Variance","textarea",FALSE,"","",""
"Cash Register Till Variance Form","cash-register-till-variance-form","reasonForVariance","Reason for Variance / Suspected reason for Variance","textarea",TRUE,"","",""
"Cash Register Till Variance Form","cash-register-till-variance-form","canVarianceBeCorrected","Can Variance be corrected?","radio",TRUE,"Yes;No","",""
"Cash Register Till Variance Form","cash-register-till-variance-form","dateToBeCorrected","Date to be corrected","text",FALSE,"","",""
"Cash Register Till Variance Form","cash-register-till-variance-form","doYouHaveImagesToAttach","Do you have images of receipts / documents to attach?","radio",FALSE,"Yes;No","",""
"Cash Register Till Variance Form","cash-register-till-variance-form","imagesToSupport1","Images to Support","file",FALSE,"","",""
"Cash Register Till Variance Form","cash-register-till-variance-form","imagesToSupport2","Images to Support","file",FALSE,"","",""
"Cash Register Till Variance Form","cash-register-till-variance-form","imagesToSupport3","Images to Support","file",FALSE,"","",""
"Cash Register Till Variance Form","cash-register-till-variance-form","doYouHaveASecondVariance","Do you have a Second Variance?","radio",FALSE,"Yes;No","",""
"Cash Register Till Variance Form","cash-register-till-variance-form","varianceType2","Variance Type","radio",FALSE,"Surplus (Over);Deficiency (Under)","","Second Variance"
"Cash Register Till Variance Form","cash-register-till-variance-form","tenderType2","Tender Type","radio",FALSE,"Cash;EFTPOS;Gift Vouher;Pickups;Float;VC/MC/BC;Cheque;Diners;Amex;Customer Order Deposit;Credit Card Return;Customer Order Finalised;Tender > Sale Correction","","Second Variance"
"Cash Register Till Variance Form","cash-register-till-variance-form","varianceAmount2","Variance Amount 2","currency",FALSE,"","","Second Variance"
"Cash Register Till Variance Form","cash-register-till-variance-form","actionTakenToRectifySecondVariance","Action taken to rectify second Variance","textarea",FALSE,"","","Second Variance"
"Cash Register Till Variance Form","cash-register-till-variance-form","reasonForSecondVariance","Reason for Variance / Suspected reason for second Variance","textarea",FALSE,"","","Second Variance"
"Cash Register Till Variance Form","cash-register-till-variance-form","canSecondVarianceBeCorrected","Can Second Variance be corrected?","radio",FALSE,"Yes;No","","Second Variance"
"Cash Register Till Variance Form","cash-register-till-variance-form","dateToBeCorrected2","Date to be corrected","text",FALSE,"","","Second Variance"
"Cash Register Till Variance Form","cash-register-till-variance-form","varianceRecorded","Variance Recorded","radio",FALSE,"Yes;No","","Till Variance Report"
"Cash Register Till Variance Form","cash-register-till-variance-form","reasonRecorded","Reason Recorded","radio",FALSE,"Yes;No","","Till Variance Report"
"Cash Register Till Variance Form","cash-register-till-variance-form","includeInReversals","Include in Reversals","radio",FALSE,"Yes;No","","Till Variance Report"
"Cash Register Till Variance Form","cash-register-till-variance-form","correctionJournalDate","Date","text",FALSE,"","","Correction Journal"
"Cash Register Till Variance Form","cash-register-till-variance-form","debitAndAccount","Debit $ and Account","text",FALSE,"","","Correction Journal"
"Cash Register Till Variance Form","cash-register-till-variance-form","creditAndAccount","Credit $ and Account","text",FALSE,"","","Correction Journal"
"Consumables Order Form","consumables-order-form","orderedBy","Ordered By","text",TRUE,"","",""
"Consumables Order Form","consumables-order-form","store","Store","text",TRUE,"","",""
"Consumables Order Form","consumables-order-form","monthOrdered","I have ordered sufficient quantity for the month of...","radio",TRUE,"January;February;March;April;May;June;July;August;September;October;November;December","",""
"Consumables Order Form","consumables-order-form","delivery","Delivery","radio",TRUE,"Normal;Urgent","",""
"Consumables Order Form","consumables-order-form","printerCartridge","Printer Cartridge","select",FALSE,"Brother HL-1240/1440/1470-TN6600;Epson LQ 1070-7754;Epson TU20 Docket Printer (Acumen)-ECR-34;Kyocera FS-6700/3700+/1700-TK20H;Kyocera FS-1920-TK55;Kyocera FS-1900-TK50;Kyocera FS-1010-TK-17;Kyocera FS-720-TK -110","",""
"Consumables Order Form","consumables-order-form","printerCartridgeQuantity","Printer Cartridge Quantity","number",FALSE,"","",""
"Consumables Order Form","consumables-order-form","photocopiers","Photocopiers","select",FALSE,"Canon Fc-220/PC-740/PC-745/FC-220-E31CAR;Canon NP-4335-T4335;Canon P7120-TG11;Panasonic FP-830-A30 Canon;Xerox XD103F-X06R00915","",""
"Consumables Order Form","consumables-order-form","photocopierCartridgeQuantity","Photocopier Cartridge Quantity","number",FALSE,"","",""
"Consumables Order Form","consumables-order-form","faxes","Faxes","select",FALSE,"Brother MFC4600-TN2000;Brother MFC4800-TN8000;Brother MFC8360P-TN6600;Brother MFC7420-TN2025;Canon MF 5650-EP26CART;Canon 2250/L250-FX3;Canon D380-CARTW;Panasonic UF-550-UG-3313","",""
"Consumables Order Form","consumables-order-form","faxCartridgeQuantity","Fax Cartridge Quantity","number",FALSE,"","",""
"Consumables Order Form","consumables-order-form","sonyCardReaderForEbox","Sony Card Reader for Ebox","text",FALSE,"","",""
"Consumables Order Form","consumables-order-form","additionalConsumables","Additional Consumables (name & quantity required)","textarea",FALSE,"","",""
"Continuous Lighting Kit Voting Form","continuous-lighting-kit-voting-form","yourDefinitiveVote","Do you think this product is viable for Ted's Camera's?","radio",TRUE,"Yes - this product is viable;No - this initiative is not viable","Please consider market demand and supplier availability",""
"Continuous Lighting Kit Voting Form","continuous-lighting-kit-voting-form","viabilityNotes","Viability Notes","textarea",FALSE,"","Provide additional viability information if applicable",""
"Continuous Lighting Kit Voting Form","continuous-lighting-kit-voting-form","supplierNotes","Supplier Notes","textarea",FALSE,"","Provide additional supplier information if applicable",""
"Counselling Form","counselling-form","date","Date","text",TRUE,"","",""
"Counselling Form","counselling-form","employeeSurname","Employee Surname","text",TRUE,"","",""
"Counselling Form","counselling-form","employeeNames","Employee Name(s)","text",TRUE,"","",""
"Counselling Form","counselling-form","role","Role","radio",TRUE,"Store Manager;Assistant Manager;Employee - Store;Employee - Office","",""
"Counselling Form","counselling-form","commencementDate","Commencement Date","text",TRUE,"","",""
"Counselling Form","counselling-form","store","Store","text",TRUE,"","",""
"Counselling Form","counselling-form","pleaseSelectReason","Please select Reason","select",TRUE,"Outstanding Performance;Counselling;Grievance / Complaint;Disciplinary / Corrective;Follow Up","You can select multiple.",""
"Counselling Form","counselling-form","reportOfInterview","Report of Interview","textarea",TRUE,"","",""
"Counselling Form","counselling-form","actionStepsRequired","Action Steps Required","textarea",TRUE,"","",""
"Counselling Form","counselling-form","asThisIsYour","As this is your","radio",FALSE,"First warning;Second warning;Final warning","",""
"Counselling Form","counselling-form","unlessThereIsAnImmediateAndContinuingImprovement","Unless there is an immediate and continuing improvement in your conduct and/or performance of your work, your employment:","radio",FALSE,"may be terminated;will be terminated","",""
"Counselling Form","counselling-form","dateSetForReview","Date Set for Review","text",FALSE,"","",""
"Counselling Form","counselling-form","interviewConductedBySignature","Signature","text",TRUE,"","","INTERVIEW CONDUCTED BY"
"Counselling Form","counselling-form","interviewConductedByPosition","Position","text",TRUE,"","","INTERVIEW CONDUCTED BY"
"Counselling Form","counselling-form","interviewConductedByDate","Date","text",TRUE,"","","INTERVIEW CONDUCTED BY"
"Counselling Form","counselling-form","inThePresenceOfSignature","Signature","text",FALSE,"","","IN THE PRESENCE OF"
"Counselling Form","counselling-form","inThePresenceOfPosition","Position","text",FALSE,"","","IN THE PRESENCE OF"
"Counselling Form","counselling-form","inThePresenceOfDate","Date","text",FALSE,"","","IN THE PRESENCE OF"
"Counselling Form","counselling-form","acknowledgedByEmployeeSignature","Signature","text",TRUE,"","","ACKNOWLEDGED BY EMPLOYEE"
"Counselling Form","counselling-form","acknowledgedByEmployeePosition","Position","text",TRUE,"","","ACKNOWLEDGED BY EMPLOYEE"
"Counselling Form","counselling-form","acknowledgedByEmployeeDate","Date","text",TRUE,"","","ACKNOWLEDGED BY EMPLOYEE"
"Counselling Form","counselling-form","nameOfEmployer","I, (Name of Employer)","text",TRUE,"","","NOTICE OF UNSATISFACTORY PERFORMANCE"
"Counselling Form","counselling-form","nameOfEmployee","Hereby advise, (Name of Employee)","text",TRUE,"","","NOTICE OF UNSATISFACTORY PERFORMANCE"
"Counselling Form","counselling-form","signedNameOfEmployer","Signed (Name of Employer)","text",TRUE,"","","NOTICE OF UNSATISFACTORY PERFORMANCE"
"Counselling Form","counselling-form","employerSignatureDate","Date","text",TRUE,"","","NOTICE OF UNSATISFACTORY PERFORMANCE"
"Counselling Form","counselling-form","employeeNameResponse","I, (Name of Employee)","text",FALSE,"","","NOTICE OF UNSATISFACTORY PERFORMANCE"
"Counselling Form","counselling-form","employeeResponse","would respond to the above employer's comments regarding the conduct and/or performance of my work by stating::","textarea",FALSE,"","","NOTICE OF UNSATISFACTORY PERFORMANCE"
"Counselling Form","counselling-form","signedNameOfEmployee","Signed (Name of Employee)","text",TRUE,"","","NOTICE OF UNSATISFACTORY PERFORMANCE"
"Counselling Form","counselling-form","employeeSignatureDate","Date","text",TRUE,"","","NOTICE OF UNSATISFACTORY PERFORMANCE"
"Counselling Form","counselling-form","isTheMeetingConcludedForToday","Is the meeting concluded for today?","radio",FALSE,"Yes;No","",""
"Dcw Web Refund Request","dcw-web-refund-request","requester","Requester","text",TRUE,"","",""
"Dcw Web Refund Request","dcw-web-refund-request","netoOnlineOrderNumber","Neto/Online Order Number","text",TRUE,"","",""
"Dcw Web Refund Request","dcw-web-refund-request","prontoOrderNumber","Pronto Order Number","text",TRUE,"","",""
"Dcw Web Refund Request","dcw-web-refund-request","refundType","Refund Type","radio",TRUE,"Partial Refund (No Stock Sent);Full Refund (No Stock Sent);Stock Returned In Store","",""
"Dcw Web Refund Request","dcw-web-refund-request","refundAmount","Refund Amount $","currency",TRUE,"","",""
"Dcw Web Refund Request","dcw-web-refund-request","productRefunding","Product Refunding","text",TRUE,"","",""
"Dcw Web Refund Request","dcw-web-refund-request","skuIfApplicable","SKU (If Appliciable)","text",FALSE,"","",""
"Dcw Web Refund Request","dcw-web-refund-request","reasonForRefund","Reason for Refund - If more than one sku add below","textarea",TRUE,"","",""
"Employee Performance & Conduct Review Form","employee-performance-conduct-review-form","dateOfReview","Date of Review","text",TRUE,"","",""
"Employee Performance & Conduct Review Form","employee-performance-conduct-review-form","employeeFullName","Employee Full Name","text",TRUE,"","",""
"Employee Performance & Conduct Review Form","employee-performance-conduct-review-form","employeeRole","Employee Role","radio",TRUE,"Store Manager;Assistant Manager;Employee - Store;Employee - Office","",""
"Employee Performance & Conduct Review Form","employee-performance-conduct-review-form","store","Store","text",TRUE,"","",""
"Employee Performance & Conduct Review Form","employee-performance-conduct-review-form","reviewerFullName","Reviewer Full Name","text",TRUE,"","",""
"Employee Performance & Conduct Review Form","employee-performance-conduct-review-form","reviewerConfirmation","Reviewer Confirmation","radio",TRUE,"I confirm that the information recorded in this form is accurate to the best of my knowledge, that the matters recorded have been discussed with the employee, and that the employee has been provided with an opportunity to respond.","",""
"Employee Performance & Conduct Review Form","employee-performance-conduct-review-form","reasonForReviewAndSubmission","Reason for Review and Submission","select",TRUE,"Performance Review;Performance Concern;Incident / Conduct Report;Grievance / Complaint;Follow-Up Review;Outstanding Performance / Recognition;Other (Please Specify)","Select all relevant options",""
"Employee Performance & Conduct Review Form","employee-performance-conduct-review-form","followUpOutcome","Follow-Up Outcome","radio",FALSE,"Satisfactory;Unsatisfactory","",""
"Employee Performance & Conduct Review Form","employee-performance-conduct-review-form","specifiedOther","Specified Other","text",FALSE,"","",""
"Employee Performance & Conduct Review Form","employee-performance-conduct-review-form","totalSalesPerformanceAssessment","Total $ Sales - Performance Assessment","radio",FALSE,"Exceeding Expectations;Meeting Expectations;Area of Improvement;Significant Area of Improvement","",""
"Employee Performance & Conduct Review Form","employee-performance-conduct-review-form","gpDollarPerformanceAssessment","GP $ - Performance Assessment","radio",FALSE,"Exceeding Expectations;Meeting Expectations;Area of Improvement;Significant Area of Improvement","",""
"Employee Performance & Conduct Review Form","employee-performance-conduct-review-form","gpPercentPerformanceAssessment","GP % - Performance Assessment","radio",FALSE,"Exceeding Expectations;Meeting Expectations;Area of Improvement;Significant Area of Improvement","",""
"Employee Performance & Conduct Review Form","employee-performance-conduct-review-form","tcpPercentPerformanceAssessment","TCP % - Performance Assessment","radio",FALSE,"Exceeding Expectations;Meeting Expectations;Area of Improvement;Significant Area of Improvement","",""
"Employee Performance & Conduct Review Form","employee-performance-conduct-review-form","accessoryAttachementPerformanceAssessment","Accessory Attachement - Performance Assessment","radio",FALSE,"Exceeding Expectations;Meeting Expectations;Area of Improvement;Significant Area of Improvement","",""
"Employee Performance & Conduct Review Form","employee-performance-conduct-review-form","secondHandTradeIn","Second-Hand / Trade-In","radio",FALSE,"Exceeding Expectations;Meeting Expectations;Area of Improvement;Significant Area of Improvement","",""
"Employee Performance & Conduct Review Form","employee-performance-conduct-review-form","printingLabFilmDevelopmentServices","Printing, Lab & Film Development Services","radio",FALSE,"Exceeding Expectations;Meeting Expectations;Area of Improvement;Significant Area of Improvement","",""
"Employee Performance & Conduct Review Form","employee-performance-conduct-review-form","sensorCleaningFirmwareUpdatingServices","Sensor Cleaning and Firmware Updating Services","radio",FALSE,"Exceeding Expectations;Meeting Expectations;Area of Improvement;Significant Area of Improvement","",""
"Employee Performance & Conduct Review Form","employee-performance-conduct-review-form","firstImpressionsFocusPerformanceAssessment","First Impressions (FOCUS) - Performance Assessment","radio",FALSE,"Exceeding Expectations;Meeting Expectations;Area of Improvement;Significant Area of Improvement","",""
"Employee Performance & Conduct Review Form","employee-performance-conduct-review-form","openEndedQuestionsFocusPerformanceAssessment","Open Ended Questions (FOCUS) - Performance Assessment","radio",FALSE,"Exceeding Expectations;Meeting Expectations;Area of Improvement;Significant Area of Improvement","",""
"Employee Performance & Conduct Review Form","employee-performance-conduct-review-form","customisedSolutionsFocusPerformanceAssessment","Customised Solutions (FOCUS) - Performance Assessment","radio",FALSE,"Exceeding Expectations;Meeting Expectations;Area of Improvement;Significant Area of Improvement","",""
"Employee Performance & Conduct Review Form","employee-performance-conduct-review-form","upsellWithValueFocusPerformanceAssessment","Upsell With Value (FOCUS) - Performance Assessment","radio",FALSE,"Exceeding Expectations;Meeting Expectations;Area of Improvement;Significant Area of Improvement","",""
"Employee Performance & Conduct Review Form","employee-performance-conduct-review-form","secureSatisfactionFocusPerformanceAssessment","Secure Satisfaction (FOCUS) - Performance Assessment","radio",FALSE,"Exceeding Expectations;Meeting Expectations;Area of Improvement;Significant Area of Improvement","",""
"Employee Performance & Conduct Review Form","employee-performance-conduct-review-form","keyPointsDiscussed","Key Points Discussed","textarea",TRUE,"","",""
"Employee Performance & Conduct Review Form","employee-performance-conduct-review-form","agreedActionsExpectations","Agreed Actions & Expectations","textarea",TRUE,"","",""
"Employee Performance & Conduct Review Form","employee-performance-conduct-review-form","reviewerSignature","Reviewer Signature","text",TRUE,"","",""
"Employee Performance & Conduct Review Form","employee-performance-conduct-review-form","dateOfSignatureReviewer","Date of Signature","text",TRUE,"","",""
"Employee Performance & Conduct Review Form","employee-performance-conduct-review-form","employeeResponse","Employee Response (If Applicable)","textarea",FALSE,"","",""
"Employee Performance & Conduct Review Form","employee-performance-conduct-review-form","employeeAcknowledgement","Employee Acknowledgement","radio",TRUE,"I acknowledge that this document has been provided to me and that the matters outlined above have been discussed with me. I understand that my signature confirms receipt and discussion of the document and does not necessarily indicate that I agree with its contents or outcome.","",""
"Employee Performance & Conduct Review Form","employee-performance-conduct-review-form","employeeSignature","Employee Signature","text",TRUE,"","",""
"Employee Performance & Conduct Review Form","employee-performance-conduct-review-form","dateOfSignatureEmployee","Date of Signature","text",TRUE,"","",""
"Employee Performance & Conduct Review Form","employee-performance-conduct-review-form","dateSetForReview","Date Set for Review","text",FALSE,"","",""
"Focus Sales Training - Module 1: First Impressions","focus-sales-training-module-1-first-impressions","question1WhatIsBestWayToGreetCustomer","1. What is the BEST way to greet a customer who enters the store while you are helping someone else?","radio",TRUE,"A. Ignore them until you've finished with your current customer;B. Nod silently to acknowledge them;C. Ask your current customer to wait so you can help the new one;D. Say, ""Hi there, I'll be with you shortly!"" with a smile","","1. Knowledge Check - First Impressions"
"Focus Sales Training - Module 1: First Impressions","focus-sales-training-module-1-first-impressions","question2WhichNotPartOfPresentingProfessionally","2. Which of the following is NOT considered part of presenting yourself professionally at Ted's Cameras?","radio",TRUE,"A. Wearing a clean branded uniform with a visible name badge;B. Using open, relaxed body language and making eye contact;C. Slouching with your arms crossed to look casual;D. Smiling genuinely and avoiding distractions like your phone","","2. Knowledge Check - First Impressions"
"Focus Sales Training - Module 1: First Impressions","focus-sales-training-module-1-first-impressions","question3WhyMaintainCleanDemoModels","3. Why is it important to maintain clean and functioning demo models in the store?","radio",TRUE,"A. It helps avoid complaints from customers;B. Customers won't care as long as the products are on display;C. It encourages customers to interact and builds trust in the store's professionalism;D. It reduces the need to speak to customers","","3. Knowledge Check - First Impressions"
"Focus Sales Training - Module 1: First Impressions","focus-sales-training-module-1-first-impressions","question4BestWayToAnswerPhone","4. A customer calls the store. Which of the following is the BEST way to answer the phone?","radio",TRUE,"A. ""Good afternoon, Ted's Cameras. This is [Your Name] speaking. How can I help you today?"";B. ""Hello."";C. ""Yeah, Ted's Cameras. What do you need?"";D. Let it ring until someone else answers","","4. Knowledge Check - First Impressions"
"Focus Sales Training - Module 1: First Impressions","focus-sales-training-module-1-first-impressions","question5BodyLanguageApproachability","5. Which of the following body language cues BEST communicates approachability to a customer?","radio",TRUE,"A. Looking down at your phone while they browse;B. Standing with arms crossed behind the counter;C. Walking away until they ask for help;D. Standing upright with open and inviting body language","","5. Knowledge Check - First Impressions"
"Focus Sales Training - Module 1: First Impressions","focus-sales-training-module-1-first-impressions","scenarioQuestion1BestGreeting","Question 1: What would have been the BEST way to greet the customer when they entered the store?","radio",TRUE,"A. Wait until they approach the counter, then ask if they need help;B. Immediately walk up to them and start explaining camera features;C. Smile, make eye contact, and say, ""Hi there! Welcome to Ted's Cameras. Looking for anything in particular today?"";D. Let them browse for a while without interruption","","Customer Scenario: ""The Browsing Beginner"""
"Focus Sales Training - Module 1: First Impressions","focus-sales-training-module-1-first-impressions","scenarioQuestion2MakeCustomerAtEase","Question 2: The customer seems unsure and a bit nervous. What aspect of your presentation will help make them feel more at ease?","radio",TRUE,"A. Keep working quietly so you don't overwhelm them;B. Stand with a confident, relaxed posture and smile while staying visible and approachable;C. Cross your arms and watch them closely to show you're available;D. Ask them, ""Do you actually need help, or are you just looking?""","","Customer Scenario: ""The Browsing Beginner"""
"Focus Sales Training - Module 1: First Impressions","focus-sales-training-module-1-first-impressions","scenarioQuestion3EncourageEngagement","Question 3: The customer pauses in front of the glass cabinet and looks closely at a camera. They glance toward you but don't say anything. What should you do next to build on their first impression and encourage engagement?","radio",TRUE,"A. Wait behind the counter until they ask for help;B. Call out from a distance, ""Let me know if you want to see something"";C. Walk over and begin explaining all the features of that camera;D. Approach with a friendly smile and say, ""That's a great choice—would you like me to unlock the cabinet so you can take a closer look?""","","Customer Scenario: ""The Browsing Beginner"""
"Focus Sales Training - Module 2: Open-conversations","focus-sales-training-module-2-open-conversations","question1Answer","1. Why are open-ended questions important during customer interactions?","radio",TRUE,"A. They make conversations shorter and more efficient;B. They allow the customer to express their real ""needs"" and ""wants"";C. They help you close the sale faster;D. They help avoid having to ask follow-up questions","","1. Knowledge Check - Open-Ended Conversations"
"Focus Sales Training - Module 2: Open-conversations","focus-sales-training-module-2-open-conversations","question2Answer","2. Which of the following is the best example of an open-ended question?","radio",TRUE,"A. ""Do you know which camera you want?"";B. ""Are you looking for something professional?"";C. ""What type of photography do you do most?"";D. ""Have you seen our latest catalogue?""","","2. Knowledge Check - Open-Ended Conversations"
"Focus Sales Training - Module 2: Open-conversations","focus-sales-training-module-2-open-conversations","question3Answer","3. A customer says, ""My current camera just doesn't keep up."" What's the most appropriate next step?","radio",TRUE,"A. Start recommending high-end cameras immediately;B. Start a conversation with open-ended questions;C. Tell them your personal favourite camera;D. Recommend a cleaning service for their old camera","","3. Knowledge Check - Open-Ended Conversations"
"Focus Sales Training - Module 2: Open-conversations","focus-sales-training-module-2-open-conversations","question4Answer","4. What's a key indicator that you are actively listening to a customer?","radio",TRUE,"A. Interrupting when you think you've heard enough;B. Waiting for them to finish and immediately offering a product;C. Maintaining eye contact, nodding and paraphrasing what they've said;D. Taking notes silently while they speak","","4. Knowledge Check - Open-Ended Conversations"
"Focus Sales Training - Module 2: Open-conversations","focus-sales-training-module-2-open-conversations","question5Answer","5. Why is repeating back what the customer told you a valuable technique?","radio",TRUE,"A. It speeds up the interaction;B. It makes the customer feel like you're closing the sale;C. It fills in conversation gaps when unsure what to say;D. It helps build rapport and confirms their needs","","5. Knowledge Check - Open-Ended Conversations"
"Focus Sales Training - Module 2: Open-conversations","focus-sales-training-module-2-open-conversations","scenario1Question1","1. Why is it important to ask open-ended questions in conversation?","textarea",TRUE,"","Think about what it encourages the customer to do","Scenario 1"
"Focus Sales Training - Module 2: Open-conversations","focus-sales-training-module-2-open-conversations","scenario1Question2","2. What open-ended question could you ask to better understand what the customer is looking for in an upgrade?","textarea",TRUE,"","Think about their experience, interests, and current usage.","Scenario 1"
"Focus Sales Training - Module 2: Open-conversations","focus-sales-training-module-2-open-conversations","scenario2Question1","How can active listening help in this interaction?","textarea",TRUE,"","Think about how it strengthens rapport and shows your understanding of what they need.","Scenario 2:"
"Focus Sales Training - Module 2: Open-conversations","focus-sales-training-module-2-open-conversations","scenario2Question2","2. Once the customer shares that portrait photography is their true focus, how could you respond in a way that shows you've listened carefully and understood their needs?","textarea",TRUE,"","For example, repeating back key details in your own words before suggesting options.","Scenario 2:"
"Focus Sales Training - Module 3: Customised Solutions","focus-sales-training-module-3-customised-solutions","whyCustomisedSolution","1. Why is it important to provide a customised solution to each customer?","radio",TRUE,"It encourages customers to buy the same popular products that others have purchased.;It helps match the right camera or accessory to the customer's specific needs, making them feel listened to, confident, and excited about their choice.;It saves time by recommending the most common models rather than exploring individual needs.;It allows the salesperson to quickly highlight technical features without focusing on the customer's goals.","","1. Knowledge Check - Customised Solutions"
"Focus Sales Training - Module 3: Customised Solutions","focus-sales-training-module-3-customised-solutions","avoidTooManyOptions","1. Why is it important to avoid giving too many product options to a customer?","radio",TRUE,"It helps the salesperson show off their product knowledge;It reduces the store's sales opportunities;Customers always prefer to see every single product available;Too many choices can overwhelm the customer","","2. Knowledge Check - Customised Solutions"
"Focus Sales Training - Module 3: Customised Solutions","focus-sales-training-module-3-customised-solutions","topDownApproach","2. What does using a ""top-down approach"" mean in customised solutions?","radio",TRUE,"Starting with the cheapest option and working upward;Showing accessories before the main product;Presenting the best-fit option first (regardless of price), then moving to alternatives if needed;Asking the manager which product to recommend","","3. Knowledge Check - Customised Solutions"
"Focus Sales Training - Module 3: Customised Solutions","focus-sales-training-module-3-customised-solutions","linkingFeaturesToBenefits","3. Which of the following best demonstrates linking features to benefits?","radio",TRUE,"This camera has a 24MP sensor and 10fps burst shooting.;This lens has a wide f1.4 aperture.;This camera's fast autofocus will help you capture sharp shots of your kids running at soccer.;This camera is one of our newest models.","","4. Knowledge Check - Customised Solutions"
"Focus Sales Training - Module 3: Customised Solutions","focus-sales-training-module-3-customised-solutions","handsOnDemoValue","4. Why is a hands-on demo valuable in the sales process?","radio",TRUE,"Customers can feel more confident and see how the gear works for them;It gives the customer something to do while you check stock;It guarantees they will buy the product;It replaces the need for explaining product features","","5. Knowledge Check - Customised Solutions"
"Focus Sales Training - Module 3: Customised Solutions","focus-sales-training-module-3-customised-solutions","comparingProducts","5. When comparing two products for a customer, what's the most effective approach?","radio",TRUE,"Focus only on the more expensive option;List every single technical spec of both products;Ask them to look it up online later;Walk them through key differences and link them back to their needs","","6. Knowledge Check - Customised Solutions"
"Focus Sales Training - Module 3: Customised Solutions","focus-sales-training-module-3-customised-solutions","wildlifePhotographerRecommendation","1. Recommend a camera and lens; explaining how they are the best fit for their wildlife photography goals.","textarea",TRUE,"","Think about the top-down selling approach","Scenario 1."
"Focus Sales Training - Module 3: Customised Solutions","focus-sales-training-module-3-customised-solutions","wildlifePhotographerAlternatives","2. Now that the customer has said it's outside their budget, how would you recommend 2–3 alternative options that still meet their main needs without overwhelming them?","textarea",TRUE,"","Think about how you would guide them through comparisons","Scenario 1. (Continued)"
"Focus Sales Training - Module 4: Upsell with Value","focus-sales-training-module-4-upsell-with-value","mainGoalQuestion","1. What is the main goal of ""upselling with value"" at Ted's Cameras?","radio",TRUE,"A. To increase the total sales value at all costs;B. To clear old stock from the store;C. To ensure customers buy the most expensive product;D. To offer customers add-ons that genuinely add value and enhance their experience","","1. Knowledge Check - Upsell with Value"
"Focus Sales Training - Module 4: Upsell with Value","focus-sales-training-module-4-upsell-with-value","bestTimeQuestion","2. When is the best time to introduce additional products during a customer interaction?","radio",TRUE,"A. After the customer has paid;B. Right at the end of the conversation;C. Early in the conversation, during the consideration stage;D. Only if the customer asks for accessories","","2. Knowledge Check - Upsell with Value"
"Focus Sales Training - Module 4: Upsell with Value","focus-sales-training-module-4-upsell-with-value","valueBasedAddOnQuestion","3. Which of the following is an example of a value-based add-on?","radio",TRUE,"A. ""You should buy this memory card because it's more expensive."";B. ""This premium bag costs more, but it looks nicer."";C. ""This high-speed memory card will help you to capture high-speed continuous photos without lag."";D. ""You need to buy these extras to complete your purchase.""","","3. Knowledge Check - Upsell with Value"
"Focus Sales Training - Module 4: Upsell with Value","focus-sales-training-module-4-upsell-with-value","featureBenefitQuestion","4. A customer is buying a new mirrorless camera. Which of the following statements best links a feature to a real-world benefit?","radio",TRUE,"A. ""This lens has a wide aperture."";B. ""This lens has a wider maximum aperture, letting in more light so you can shoot clear portraits even in low light."";C. ""This lens is expensive because it's better."";D. ""This lens has a wide aperture, but you probably don't need that.""","","4. Knowledge Check - Upsell with Value"
"Focus Sales Training - Module 4: Upsell with Value","focus-sales-training-module-4-upsell-with-value","carePlanTimingQuestion","5. Why is it important to mention the Care Plan early in the conversation?","radio",TRUE,"A. Because it helps justify a higher price right from the start.;B. Because customers expect to hear about add-ons straight away.;C. Because it makes closing the sale faster.;D. Because it shows customers that you're adding value to their purchase with long-term peace of mind and helps overcome price-related objections later in the conversation.","","5. Knowledge Check - Upsell with Value"
"Focus Sales Training - Module 4: Upsell with Value","focus-sales-training-module-4-upsell-with-value","wideApertureBenefit","Feature: ""This lens has a wide f/1.8 aperture."" Benefit:","textarea",TRUE,"","How does it make their experience easier, better, or safer?","Exercise: Turning Features into Benefits"
"Focus Sales Training - Module 4: Upsell with Value","focus-sales-training-module-4-upsell-with-value","dualSdSlotsBenefit","2. Feature: ""The camera has dual SD card slots."" Benefit:","textarea",TRUE,"","How does it make their experience easier, better, or safer?","Exercise: Turning Features into Benefits"
"Focus Sales Training - Module 4: Upsell with Value","focus-sales-training-module-4-upsell-with-value","waterResistantBagBenefit","3. Feature: ""This bag is made from water-resistant material."" Benefit:","textarea",TRUE,"","How does it make their experience easier, better, or safer?","Exercise: Turning Features into Benefits"
"Focus Sales Training - Module 4: Upsell with Value","focus-sales-training-module-4-upsell-with-value","memoryCardSpeedBenefit","4. Feature: ""The memory card supports 300 MB/s write speeds."" Benefit:","textarea",TRUE,"","How does it make their experience easier, better, or safer?","Exercise: Turning Features into Benefits"
"Focus Sales Training - Module 4: Upsell with Value","focus-sales-training-module-4-upsell-with-value","totalCarePlanBenefit","5. Feature: ""The Total Care Plan includes up-to 7 years priority repair, annual camera checks and a complimentary sensor clean."" Benefit:","textarea",TRUE,"","How does it make their experience easier, better, or safer?","Exercise: Turning Features into Benefits"
"Focus Sales Training - Module 5: Secure Satisfaction","focus-sales-training-module-5-secure-satisfaction","question1Answer","1. Which of the following best describes the purpose of the Secure Satisfaction step in the FOCUS framework?","radio",TRUE,"A. To finalise the sale as quickly as possible;B. To ensure the customer leaves feeling confident, supported, and connected to Ted's Cameras;C. To introduce additional products regardless of customer interest;D. To persuade hesitant customers to buy using stronger closing tactics","","1. Knowledge Check - Secure Satisfaction"
"Focus Sales Training - Module 5: Secure Satisfaction","focus-sales-training-module-5-secure-satisfaction","question2Answer","2. A customer seems unsure and is taking time to process the information. Which closing approach is most appropriate?","radio",TRUE,"A. Firm close;B. Hard close;C. No close at all — wait for them to decide without guidance;D. Soft close","","2. Knowledge Check - Secure Satisfaction"
"Focus Sales Training - Module 5: Secure Satisfaction","focus-sales-training-module-5-secure-satisfaction","question3Answer","3. When a customer requests a price match, which of the following demonstrates the ""Ted's Difference""?","radio",TRUE,"A. Ongoing after-sales support, workshops and events;B. Exclusive Total Care Plan Options;C. Multiple stores across Australia with fast access to genuine stock;D. All of the above","","3. Knowledge Check - Secure Satisfaction"
"Focus Sales Training - Module 5: Secure Satisfaction","focus-sales-training-module-5-secure-satisfaction","question4Answer","4. A customer requests a price match that could reduce the gross profit below a certain threshold. At what gross profit percentage must you seek manager approval before proceeding?","radio",TRUE,"A. <2%;B. <5%;C. <10%;D. <20%","","4. Knowledge Check - Secure Satisfaction"
"Focus Sales Training - Module 5: Secure Satisfaction","focus-sales-training-module-5-secure-satisfaction","question5Answer","5. Why is it important to reinforce satisfaction after the sale?","radio",TRUE,"A. To reduce time spent with the customer;B. To ensure customers leave feeling confident and supported, encouraging repeat business and loyalty;C. To push them into buying extra products immediately;D. To avoid answering post-sale questions","","5. Knowledge Check - Secure Satisfaction"
"Focus Sales Training - Module 5: Secure Satisfaction","focus-sales-training-module-5-secure-satisfaction","exerciseClosingSale","Sarah is genuinely interested but seems slightly hesitant. Write what you would say to close the sale confidently?","textarea",TRUE,"","Consider what type of close approach would be suitable.","Exercise: Secure Satisfaction"
"Focus Sales Training - Module 5: Secure Satisfaction","focus-sales-training-module-5-secure-satisfaction","exercisePriceMatch","Sarah quickly checks her phone and asks if you can match a competitor's price she has seen online for the same camera. Explain how you would respond, including and the ""Ted's Difference.""","textarea",TRUE,"","Consider how purchasing from Ted's Cameras would benefit Sarah.","Exercise: Secure Satisfaction"
"Focus Sales Training - Module 5: Secure Satisfaction","focus-sales-training-module-5-secure-satisfaction","exerciseAfterSale","After Sarah agrees to purchase at a slightly higher price than she's seen online. Describe what you would say and do to ensure she leaves feeling confident, supported, and connected to Ted's Cameras.","textarea",TRUE,"","Consider her concerns about needing help with the camera and her previous camera's short lifespan.","Exercise: Secure Satisfaction"
"Fundamentals of Video Training - Module 1: Understanding Video Resolutions","fundamentals-of-video-training-module-1-understanding-video-resolutions","whatDoesVideoResolutionMeasure","1. What does video resolution measure?","radio",TRUE,"A. File format;B. Audio clarity;C. The number of pixels in each video frame;D. The camera's battery life","","1. Knowledge Check: Video Resolution Quiz"
"Fundamentals of Video Training - Module 1: Understanding Video Resolutions","fundamentals-of-video-training-module-1-understanding-video-resolutions","resolutionOfUltraHd4k","2. What is the resolution of a Ultra HD (4k) video?","radio",TRUE,"A. 1280 × 720;B. 1920 × 1080;C. 3840 × 2160;D. 7680 × 4320","","2. Knowledge Check: Video Resolution Quiz"
"Fundamentals of Video Training - Module 1: Understanding Video Resolutions","fundamentals-of-video-training-module-1-understanding-video-resolutions","bestBalanceForCroppingAndEditing","3. Which resolution gives the best balance for cropping and editing performance?","radio",TRUE,"A. 720p;B. 1080p;C. 4K;D. 8K","","3. Knowledge Check: Video Resolution Quiz"
"Fundamentals of Video Training - Module 1: Understanding Video Resolutions","fundamentals-of-video-training-module-1-understanding-video-resolutions","professionalWeddingVideographerResolution","4. A customer is a professional wedding videographer and wants high-quality, detailed footage for his clients. What resolution should you suggest?","radio",TRUE,"A. 1080p;B. 8K;C. 4K;D. 720p","","4. Knowledge Check: Video Resolution Quiz"
"Fundamentals of Video Training - Module 1: Understanding Video Resolutions","fundamentals-of-video-training-module-1-understanding-video-resolutions","whyChoose1080pOver4kOr8k","5. Why might a customer choose 1080p over 4K or 8K?","radio",TRUE,"A. It's higher quality than 8K;B. It allows faster file transfers and easier editing;C. It has more pixels than 4K;D. It's only used for still photography","","5. Knowledge Check: Video Resolution Quiz"
"Fundamentals of Video Training - Module 1: Understanding Video Resolutions","fundamentals-of-video-training-module-1-understanding-video-resolutions","scenario1EmmaResolution","Q1. What is the most suitable resolution for Emma's casual, everyday video recording needs?","radio",TRUE,"A. 720p;B. 1080p;C. 4K;D. 8K","","Scenario 1:"
"Fundamentals of Video Training - Module 1: Understanding Video Resolutions","fundamentals-of-video-training-module-1-understanding-video-resolutions","scenario1WhyBetterFit","Q2. Why is 1080p a better fit for Emma than 4K or 8K?","radio",TRUE,"A. It looks more cinematic;B. It's easier to store and share;C. It uses more memory and storage;D. It's the newest video format","","Scenario 1:"
"Fundamentals of Video Training - Module 1: Understanding Video Resolutions","fundamentals-of-video-training-module-1-understanding-video-resolutions","scenario1DeviceCompatibility","Q3. On what devices can Emma easily play 1080p videos?","radio",TRUE,"A. Only 4K TVs;B. Only smartphones;C. Most modern devices including phones, tablets, and laptops;D. Only smart projectors","","Scenario 1:"
"Fundamentals of Video Training - Module 1: Understanding Video Resolutions","fundamentals-of-video-training-module-1-understanding-video-resolutions","scenario2LiamResolution","Q1. What is the most suitable resolution for Liam's workout videos?","radio",TRUE,"A. 1080p;B. 4K;C. 720p;D. 8K","","Scenario 2:"
"Fundamentals of Video Training - Module 1: Understanding Video Resolutions","fundamentals-of-video-training-module-1-understanding-video-resolutions","scenario2PixelDimension4k","Q2. What is the pixel dimension of 4K resolution?","radio",TRUE,"A. 1280 × 720;B. 1920 × 1080;C. 3840 × 2160;D. 7680 × 4320","","Scenario 2:"
"Fundamentals of Video Training - Module 1: Understanding Video Resolutions","fundamentals-of-video-training-module-1-understanding-video-resolutions","scenario2KeyBenefit4k","Q3. What is a key benefit of filming in 4K for YouTube content?","radio",TRUE,"A. Makes editing more difficult;B. Reduces the need for lighting;C. Allows for detailed, future-proof content;D. Compresses video for smaller files","","Scenario 2:"
"Fundamentals of Video Training - Module 1: Understanding Video Resolutions","fundamentals-of-video-training-module-1-understanding-video-resolutions","scenario3WhyBenefit8k","Q1. Why would Sophie benefit from filming in 8K resolution?","radio",TRUE,"A. She needs the lowest file sizes possible;B. She edits only on a mobile phone;C. Her projects require ultra-high detail and flexibility;D. She only films TikTok videos","","Scenario 3:"
"Fundamentals of Video Training - Module 1: Understanding Video Resolutions","fundamentals-of-video-training-module-1-understanding-video-resolutions","scenario3PixelDimension8k","Q2. What is the pixel dimension of 8K resolution?","radio",TRUE,"A. 1280 × 720;B. 1920 × 1080;C. 3840 × 2160;D. 7680 × 4320","","Scenario 3:"
"Fundamentals of Video Training - Module 1: Understanding Video Resolutions","fundamentals-of-video-training-module-1-understanding-video-resolutions","scenario3Drawback8k","Q3. What's a drawback Sophie should be aware of with 8K footage?","radio",TRUE,"A. It has poor image quality;B. It can't be edited on modern computers;C. It uses large amounts of storage and processing power;D. It only works on VHS tapes","","Scenario 3:"
"Fundamentals of Video Training - Module 2: Frame Rates","fundamentals-of-video-training-module-2-frame-rates","question1Answer","A customer asks what ""fps"" means on the spec sheet of a camera. What's the correct explanation?","radio",TRUE,"A. Focus processing speed;B. Frames per second;C. Flash photo sync;D. File playback setting","","1. Knowledge Check: Video Frame Rate Quiz"
"Fundamentals of Video Training - Module 2: Frame Rates","fundamentals-of-video-training-module-2-frame-rates","question2Answer","A customer is buying a camera to record family moments. What would be considered a default frame rate to recommend in Australia?","radio",TRUE,"A. 24 fps;B. 30 fps;C. 25 fps;D. 60 fps","","2. Knowledge Check: Video Frame Rate Quiz"
"Fundamentals of Video Training - Module 2: Frame Rates","fundamentals-of-video-training-module-2-frame-rates","question3Answer","What's the primary visual effect of using a high frame rate like 100 or 120 fps?","radio",TRUE,"A. More grain in low light;B. Smoother motion and ability to create slow-motion footage;C. Better depth of field;D. Automatic HDR colour","","3. Knowledge Check: Video Frame Rate Quiz"
"Fundamentals of Video Training - Module 2: Frame Rates","fundamentals-of-video-training-module-2-frame-rates","question4Answer","What is the 180-degree shutter rule designed to achieve?","radio",TRUE,"A. Natural-looking motion blur that feels realistic;B. Improved focus;C. Better colour accuracy;D. Slow-motion footage","","4. Knowledge Check: Video Frame Rate Quiz"
"Fundamentals of Video Training - Module 2: Frame Rates","fundamentals-of-video-training-module-2-frame-rates","question5Answer","A customer is purchasing a camera to film their travels around Australia, including indoor and outdoor locations. What do you recommend?","radio",TRUE,"A. 24 fps – that's what movies use;B. 30 fps – it's compatible with social media;C. 25 fps – it matches Australian lighting and avoids flickering indoors;D. 50 fps – for slow motion footage","","5. Knowledge Check: Video Frame Rate Quiz"
"Fundamentals of Video Training - Module 2: Frame Rates","fundamentals-of-video-training-module-2-frame-rates","question6Answer","A customer plans to travel around Australia filming nature and wildlife. They want smooth footage and the ability to slow down action when needed. What frame rate should they use?","radio",TRUE,"A. 60 fps;B. 50 fps;C. 25 fps;D. 24 fps","","6. Knowledge Check: Video Frame Rate Quiz"
"Fundamentals of Video Training - Module 2: Frame Rates","fundamentals-of-video-training-module-2-frame-rates","question7Answer","You're helping a social media influencer who wants to film content and edit purely for Instagram and Tik Tok platforms. What is most effect frame rate for those platforms?","radio",TRUE,"A. 30 fps;B. 25 fps;C. 120 fps;D. 24 fps","","7. Knowledge Check: Video Frame Rate Quiz"
"Fundamentals of Video Training - Module 2: Frame Rates","fundamentals-of-video-training-module-2-frame-rates","question8Answer","A customer mentions that their footage feels ""too sharp"" or ""jittery."" Their camera is set to 25 fps and 1/500 shutter. Which setting likely needs adjustment?","radio",TRUE,"A. Reduce the sharpness setting;B. Change shutter speed to 1/50 to follow the 180-degree shutter rule;C. Increase the ISO;D. Use image stabilisation","","8. Knowledge Check: Video Frame Rate Quiz"
"Fundamentals of Video Training - Module 2: Frame Rates","fundamentals-of-video-training-module-2-frame-rates","question9Answer","A real estate videographer is buying a new camera to create property videos with both indoor and outdoor footage. They want smooth motion and slow motion footage, while avoiding potential flickering of indoor lights. What frame rate and shutter speed would you recommend?","textarea",TRUE,"","Consider the best frame rate for smooth motion and slow motion footage, and the best shutter speed to match.","9. Knowledge Check: Video Frame Rate Quiz"
"Fundamentals of Video Training - Module 2: Frame Rates","fundamentals-of-video-training-module-2-frame-rates","question10FrameRatesAnswer","A wedding videographer is buying a new camera to film ceremonies and receptions, both indoors and outdoors. They want a smooth, cinematic look and the ability to slow down footage of key moments like the couple's first dance. What two frame rates and shutter speeds would you recommend, and when would you use each respective frame rate?","textarea",TRUE,"","Consider recommending a frame rate for standard footage and a frame rate for slow-motion moments. Outline the best shutter speed for cinematic feel for each frame rate.","10. Knowledge Check: Video Frame Rate Quiz"
"Fundamentals of Video Training - Module 2: Frame Rates","fundamentals-of-video-training-module-2-frame-rates","question10LensesAccessoriesAnswer","What lenses and accessories would you recommend to help them maintain great image quality from bright outdoor ceremonies to dim indoor receptions?","textarea",TRUE,"","Consider recommending a product for outdoor exposure control and a lens for better low-light performance indoors.","10. Knowledge Check: Video Frame Rate Quiz"
"Fundamentals of Video Training - Module 3: Video Bit Depth","fundamentals-of-video-training-module-3-video-bit-depth","q1Answer","Q1. What does bit depth represent in a video file?","radio",TRUE,"A. The resolution of the video;B. The number of colour values stored per channel;C. The frame rate of the video;D. The compression ratio used","","1. Knowledge Check: Video Bit Depth Quiz"
"Fundamentals of Video Training - Module 3: Video Bit Depth","fundamentals-of-video-training-module-3-video-bit-depth","q2Answer","Q2. A 10-bit video file stores how many shades per colour channel?","radio",TRUE,"A. 128;B. 256;C. 1,024;D. 4,096","","2. Knowledge Check: Video Bit Depth Quiz"
"Fundamentals of Video Training - Module 3: Video Bit Depth","fundamentals-of-video-training-module-3-video-bit-depth","q3Answer","Q3. Which bit depth is sufficient for a customer creating casual videos and uploading them directly to social media?","radio",TRUE,"A. 8-bit;B. 10-bit;C. 12-bit;D. RAW only","","3. Knowledge Check: Video Bit Depth Quiz"
"Fundamentals of Video Training - Module 3: Video Bit Depth","fundamentals-of-video-training-module-3-video-bit-depth","q4Answer","Q4. A real estate video creator wants smooth colour grading for interiors and exteriors but doesn't want massive file sizes that slow down editing. Which bit depth would be the most practical choice?","radio",TRUE,"A. 8-bit – efficient, but limited for colour correction;B. 10-bit – good balance of flexibility and file size;C. 12-bit – maximum quality, but very large files;D. RAW only – best for cinema, not everyday real estate","","4. Knowledge Check: Video Bit Depth Quiz"
"Fundamentals of Video Training - Module 3: Video Bit Depth","fundamentals-of-video-training-module-3-video-bit-depth","q5Answer","Q5. What is one common downside of using 12-bit codecs for casual creators?","radio",TRUE,"A. Limited colour grading;B. Colour banding in skies;C. File sizes are too large and workflows too complex;D. Poor playback on social media","","5. Knowledge Check: Video Bit Depth Quiz"
"Fundamentals of Video Training - Module 3: Video Bit Depth","fundamentals-of-video-training-module-3-video-bit-depth","q6Scenario1Answer","Q1. Based on what you have learnt about bit depth, which option (8-bit, 10-bit, or 12-bit) would you recommend to this customer, and why?","textarea",TRUE,"","","6. Knowledge Check: Video Bit Depth Quiz"
"Fundamentals of Video Training - Module 3: Video Bit Depth","fundamentals-of-video-training-module-3-video-bit-depth","q6Scenario2Answer","Q2. How would you explain your recommendation in simple terms to make sure the customer understands the trade-off between video quality and file size?","textarea",TRUE,"","","6. Knowledge Check: Video Bit Depth Quiz"
"Fundamentals of Video Training - Module 3: Video Bit Depth","fundamentals-of-video-training-module-3-video-bit-depth","q7Scenario1Answer","Q1. How would you explain to this customer, in simple terms, why an 8-bit camera may cause issues in their editing and why 10-bit would give them better results?","textarea",TRUE,"","","7. Knowledge Check: Video Bit Depth Quiz"
"Fundamentals of Video Training - Module 3: Video Bit Depth","fundamentals-of-video-training-module-3-video-bit-depth","q7Scenario2Answer","Q2. What key benefits of 10-bit recording could you highlight to help the customer feel confident that spending a little more now will save them frustration and deliver better long-term value?","textarea",TRUE,"","","7. Knowledge Check: Video Bit Depth Quiz"
"Fundamentals of Video Training - Module 4: Understanding Log Gamma & Raw","fundamentals-of-video-training-module-4-understanding-log-gamma-raw","mainBenefitRec709","1. What is the main benefit of using a standard colour profile (REC709)?","radio",TRUE,"A. Flat and desaturated;B. Natural looking footage straight out of the camera;C. Requires extensive colour grading;D. Preserves maximum dynamic range","","1. Knowledge Check: Understanding LOG Gamma & RAW"
"Fundamentals of Video Training - Module 4: Understanding Log Gamma & Raw","fundamentals-of-video-training-module-4-understanding-log-gamma-raw","logFootageAppearance","2. Why does LOG footage appear flat and desaturated out of camera?","radio",TRUE,"A. The camera has a broken colour sensor;B. It's designed to save battery;C. It's intended to preserve more dynamic range;D. It's automatically set to black and white","","2. Knowledge Check: Understanding LOG Gamma & RAW"
"Fundamentals of Video Training - Module 4: Understanding Log Gamma & Raw","fundamentals-of-video-training-module-4-understanding-log-gamma-raw","customerLogBenefit","3. Which of the following customers would most likely benefit from shooting LOG gamma?","radio",TRUE,"A. Beginners filming family videos;B. Social media influencers doing unedited video uploads;C. Someone planning to colour grade their footage for better results;D. Photographers shooting video for the first time","","3. Knowledge Check: Understanding LOG Gamma & RAW"
"Fundamentals of Video Training - Module 4: Understanding Log Gamma & Raw","fundamentals-of-video-training-module-4-understanding-log-gamma-raw","lutPurpose","4. What is the primary purpose of a LUT (Look-Up Table) when working with LOG footage?","radio",TRUE,"A. To increase the camera's dynamic range during recording;B. To convert flat LOG footage into standard colour space like REC709;C. To automatically sharpen and stabilize video footage;D. To reduce file size and make footage easier to store","","4. Knowledge Check: Understanding LOG Gamma & RAW"
"Fundamentals of Video Training - Module 4: Understanding Log Gamma & Raw","fundamentals-of-video-training-module-4-understanding-log-gamma-raw","customerRawBenefit","Q5. Which customer would benefit most from RAW recording?","radio",TRUE,"A. A travel vlogger uploading daily videos to YouTube;B. A wedding photographer making highlight reels with fast delivery;C. A cinematographer producing a high-budget commercial film;D. A small business making internal training videos","","5. Knowledge Check: Understanding LOG Gamma & RAW"
"Fundamentals of Video Training - Module 4: Understanding Log Gamma & Raw","fundamentals-of-video-training-module-4-understanding-log-gamma-raw","jamesRecommendation","1. Based on what James has said, would you recommend REC709, LOG, or RAW for this customer? Explain Why.","textarea",TRUE,"","","6. Knowledge Check: Understanding LOG Gamma & RAW"
"Fundamentals of Video Training - Module 4: Understanding Log Gamma & Raw","fundamentals-of-video-training-module-4-understanding-log-gamma-raw","jamesExplanation","In your own words, how would you explain to James why his footage looks flat when shooting in LOG, and how he can turn that into the cinematic look he's after?","textarea",TRUE,"","","6. Knowledge Check: Understanding LOG Gamma & RAW"
"Fundamentals of Video Training - Module 5: Open Gate and Sensor Shutter Types","fundamentals-of-video-training-module-5-open-gate-and-sensor-shutter-types","question1WhatDoesOpenGateVideoRecordingMean","1. What does Open Gate video recording mean?","radio",TRUE,"A. Recording video using a cropped portion of the sensor;B. Recording using the entire sensor area, capturing more pixels vertically and horizontally;C. Shooting video at the widest lens aperture;D. Using a faster frame rate for smoother motion","",""
"Fundamentals of Video Training - Module 5: Open Gate and Sensor Shutter Types","fundamentals-of-video-training-module-5-open-gate-and-sensor-shutter-types","question2WhichOfTheFollowingIsAKeyBenefitOfShootingInOpenGateMode","2. Which of the following is a key benefit of shooting in Open Gate mode?","radio",TRUE,"A. It reduces file size for easier editing;B. It creates a 'cinematic' colour tone automatically;C. It eliminates the need for colour grading;D. It allows reframing into different aspect ratios without losing quality","",""
"Fundamentals of Video Training - Module 5: Open Gate and Sensor Shutter Types","fundamentals-of-video-training-module-5-open-gate-and-sensor-shutter-types","question3WhatIsAMajorAdvantageOfAGlobalShutterSensorOverARollingShutterSensor","3. What is a major advantage of a Global Shutter sensor over a Rolling Shutter sensor?","radio",TRUE,"A. It has higher resolution;B. It captures all pixels simultaneously, preventing motion distortion;C. It is always more affordable;D. It provides more cinematic colour science","",""
"Fundamentals of Video Training - Module 5: Open Gate and Sensor Shutter Types","fundamentals-of-video-training-module-5-open-gate-and-sensor-shutter-types","question4HowDoFasterRollingShutterSensorsImproveVideoQuality","4. How do faster Rolling Shutter sensors improve video quality?","radio",TRUE,"A. By reducing the time it takes to read the sensor, minimising motion distortion;B. By increasing the camera's frame rate;C. By automatically correcting exposure in-camera;D. By allowing Open Gate recording","",""
"Fundamentals of Video Training - Module 5: Open Gate and Sensor Shutter Types","fundamentals-of-video-training-module-5-open-gate-and-sensor-shutter-types","question5WhyMightAGlobalShutterSensorNotAlwaysBeTheBestChoice","5. Why might a global shutter sensor not always be the best choice, even though it eliminates motion distortion?","radio",TRUE,"A. It produces overly sharp footage;B. It often sacrifices dynamic range and low-light performance compared to rolling shutters;C. It cannot shoot in 10-bit or higher;D. It limits frame rate options","",""
"Fundamentals of Video Training - Module 5: Open Gate and Sensor Shutter Types","fundamentals-of-video-training-module-5-open-gate-and-sensor-shutter-types","customerScenarioQuestion1","1. How would you explain to Emily — in simple terms — the difference between Open Gate and Global Shutter, and which one would suit her needs best?","textarea",TRUE,"","","Customer Scenario: The Multiple Platform Filmmaker"
"Fundamentals of Video Training - Module 5: Open Gate and Sensor Shutter Types","fundamentals-of-video-training-module-5-open-gate-and-sensor-shutter-types","customerScenarioQuestion2","2. How could shooting in Open Gate benefit Emily's workflow, particularly when managing client requests for multiple aspect ratios such as horizontal and vertical video?","textarea",TRUE,"","","Customer Scenario: The Multiple Platform Filmmaker"
"Fundamentals of Video Training - Module 5: Open Gate and Sensor Shutter Types","fundamentals-of-video-training-module-5-open-gate-and-sensor-shutter-types","customerScenarioQuestion3","3. If Emily mostly shoots handheld travel footage in busy city environments, how could a fast rolling shutter sensor improve her results — even without a global shutter?","textarea",TRUE,"","","Customer Scenario: The Multiple Platform Filmmaker"
"Godox It32 & X5 Flash System Voting Form","godox-it32-x5-flash-system-voting-form","productViable","Do you think this product is viable for Ted's Cameras?","radio",TRUE,"Yes - this product is viable;No - this initiative is not viable","Please consider market demand and supplier availability",""
"Godox It32 & X5 Flash System Voting Form","godox-it32-x5-flash-system-voting-form","viabilityNotes","Viability Notes","textarea",FALSE,"","Provide additional viability information if applicable",""
"Godox It32 & X5 Flash System Voting Form","godox-it32-x5-flash-system-voting-form","supplierNotes","Supplier Notes","textarea",FALSE,"","Provide additional supplier information if applicable",""
"New Product Suggestion Form","new-product-suggestion-form","productDescription","Please provide a brief description of the product","textarea",TRUE,"","",""
"New Product Suggestion Form","new-product-suggestion-form","productUrl","Please provide a URL link to the product (if available)","text",FALSE,"","",""
"New Product Suggestion Form","new-product-suggestion-form","whyRecommend","Why do you recommend this product?","textarea",TRUE,"","Briefly explain why you think this product would be a great fit for Ted's",""
"New Product Suggestion Form","new-product-suggestion-form","additionalNotes","Additional Notes (Optional)","textarea",FALSE,"","Please provide any additional information.",""
"Nisi Filters and Product Expansion Voting Form","nisi-filters-and-product-expansion-voting-form","productViable","Do you think this product is viable for Ted's Camera's?","radio",TRUE,"Yes - this product is viable;No - this initiative is not viable","",""
"Nisi Filters and Product Expansion Voting Form","nisi-filters-and-product-expansion-voting-form","viabilityNotes","Viability Notes","textarea",FALSE,"","Provide additional viability information if applicable",""
"Nisi Filters and Product Expansion Voting Form","nisi-filters-and-product-expansion-voting-form","supplierNotes","Supplier Notes","textarea",FALSE,"","Provide additional supplier information if applicable",""
"Offboarding Form (resignation Letters)","offboarding-form-resignation-letters","location","Location","text",TRUE,"","",""
"Offboarding Form (resignation Letters)","offboarding-form-resignation-letters","formCompletedBy","Form Completed By","text",TRUE,"","",""
"Offboarding Form (resignation Letters)","offboarding-form-resignation-letters","dateResignationLetterSubmittedToManager","Date Resignation letter submitted to Manager","text",TRUE,"","",""
"Offboarding Form (resignation Letters)","offboarding-form-resignation-letters","teamMember","Team Member","text",TRUE,"","",""
"Offboarding Form (resignation Letters)","offboarding-form-resignation-letters","role","Role","radio",TRUE,"Store Manager;Assistant Manager;Employee - Store;Employee - Office","",""
"Offboarding Form (resignation Letters)","offboarding-form-resignation-letters","resignationLetter","Resignation Letter","file",TRUE,"","",""
"Offboarding Form (resignation Letters)","offboarding-form-resignation-letters","dateOfLastShift","Date of Last Shift","text",TRUE,"","",""
"Offboarding Form (resignation Letters)","offboarding-form-resignation-letters","nameBadgeReturned","Name Badge Returned","radio",TRUE,"Yes;No;N/A","",""
"Offboarding Form (resignation Letters)","offboarding-form-resignation-letters","keysReturned","Keys Returned","radio",TRUE,"Yes;No;N/A","",""
"Offboarding Form (resignation Letters)","offboarding-form-resignation-letters","companyPropertyReturned","Company Property Returned","radio",TRUE,"Yes;No;N/A","",""
"Offboarding Form (resignation Letters)","offboarding-form-resignation-letters","processedByHr","Processed by HR","radio",TRUE,"Yes","","HR to complete this section"
"Pgy Tech Harnesses Voting Form","pgy-tech-harnesses-voting-form","productViability","Do you think this product is viable for Ted's Camera's?","radio",TRUE,"Yes - this product is viable;No - this initiative is not viable","",""
"Pgy Tech Harnesses Voting Form","pgy-tech-harnesses-voting-form","viabilityNotes","Viability Notes","textarea",FALSE,"","Provide additional viability information if applicable",""
"Pgy Tech Harnesses Voting Form","pgy-tech-harnesses-voting-form","supplierNotes","Supplier Notes","textarea",FALSE,"","Provide additional supplier information if applicable",""
"Forms Printing and Stationery","forms-printing-and-stationery","dateOrdering","Date Ordering","text",TRUE,"","",""
"Forms Printing and Stationery","forms-printing-and-stationery","storeManager","Store Manager","text",TRUE,"","",""
"Forms Printing and Stationery","forms-printing-and-stationery","store","Store","text",TRUE,"","",""
"Forms Printing and Stationery","forms-printing-and-stationery","monthOrdering","I have ordered sufficient Qty for the month of","text",TRUE,"","",""
"Forms Printing and Stationery","forms-printing-and-stationery","dAndPWorkPadsRequired","D&P Work Pads Required - 100/pad (235 Storeroom)","number",FALSE,"","",""
"Forms Printing and Stationery","forms-printing-and-stationery","redLensFlashTcpPacksRequired","Red - Lens & Flash TCP Packs Required - 25/pack (235 Storeroom)","number",FALSE,"","",""
"Forms Printing and Stationery","forms-printing-and-stationery","greenDslrMirrorlessTcpPacksRequired","Green - DSLR & Mirrorless TCP Packs Required - 25/pack (235 Storeroom)","number",FALSE,"","",""
"Forms Printing and Stationery","forms-printing-and-stationery","blueCompactsVideoTcpPacksRequired","Blue - Compacts & Video Cameras TCP Packs Required - 25/pack (235 Storeroom)","number",FALSE,"","",""
"Forms Printing and Stationery","forms-printing-and-stationery","purpleDroneGimbalTcpPacksRequired","Purple - Drone & Gimbal TCP Packs Required - 25/pack (235 Storeroom)","number",FALSE,"","",""
"Forms Printing and Stationery","forms-printing-and-stationery","orangeSecondHandCameraTcpPacksRequired","Orange - Second Hand Camera TCP Packs Required - 25/pack (235 Storeroom)","number",FALSE,"","",""
"Forms Printing and Stationery","forms-printing-and-stationery","greenSecondHandLensTcpPacksRequired","Green - Second Hand Lens TCP Packs Required - 25/pack (235 Storeroom)","number",FALSE,"","",""
"Forms Printing and Stationery","forms-printing-and-stationery","clubTedDlFlyerPacksRequired","ClubTed DL Flyer Packs Required 500/pack - (235 Storeroom)","number",FALSE,"","",""
"Forms Printing and Stationery","forms-printing-and-stationery","thankYouDlWalletPacksRequired","""Thank You For Shopping"" DL Wallet Packs Required 500/pack - (235 Storeroom)","number",FALSE,"","",""
"Forms Printing and Stationery","forms-printing-and-stationery","hangsellPacksRequired","Hangsell Packs Required - 50/pack (235 Storeroom)","number",FALSE,"","",""
"Forms Printing and Stationery","forms-printing-and-stationery","printCreatePriceListPacksRequired","Print & Create Price List Packs Required - 100/pack (235 Storeroom)","number",FALSE,"","",""
"Forms Printing and Stationery","forms-printing-and-stationery","rentedDlBrochureSleeve","""RenTED DL Brochure"" Sleeve - 50/pack (235 Storeroom)","number",FALSE,"","",""
"Forms Printing and Stationery","forms-printing-and-stationery","expertsWithKidsBabiesVoucherPad","""Experts with kids, babies and toddlers"" Voucher pad - 50/pack (235 Storeroom)","number",FALSE,"","",""
"Forms Printing and Stationery","forms-printing-and-stationery","withAnyCameraGet50PrintsVoucherPad","""With any camera get 50 free prints"" Voucher pad - 50/pack (235 Storeroom)","number",FALSE,"","",""
"Forms Printing and Stationery","forms-printing-and-stationery","giftCardPacksRequired","Gift Card Packs Required - 25/pack (235 Storeroom)","number",FALSE,"","",""
"Forms Printing and Stationery","forms-printing-and-stationery","staffBusinessCardBoxesRequired","Staff Business Card Boxes Required - 1000/box (235 Storeroom)","number",FALSE,"","",""
"Forms Printing and Stationery","forms-printing-and-stationery","tedsAcademyBrochureBoxesRequired","Ted's Academy Brochure Boxes Required - 50/box (235 Storeroom)","number",FALSE,"","",""
"Forms Printing and Stationery","forms-printing-and-stationery","smallPackingBoxesRequired","Small Packing Boxes Required - 25/box (235 Storeroom)","number",FALSE,"","",""
"Forms Printing and Stationery","forms-printing-and-stationery","mediumPackingBoxesRequired","Medium Packing Boxes Required - 25/box (235 Storeroom)","number",FALSE,"","",""
"Forms Printing and Stationery","forms-printing-and-stationery","largePackingBoxesRequired","Large Packing Boxes Required - 25/box (235 Storeroom)","number",FALSE,"","",""
"Forms Printing and Stationery","forms-printing-and-stationery","smallProntoProductLabels","Small Pronto Product Labels 50mmX40mm (Roll)","number",FALSE,"","",""
"Forms Printing and Stationery","forms-printing-and-stationery","largeProntoProductLabels","Large Pronto Product Labels 100mmX50mm (Roll)","number",FALSE,"","",""
"Forms Printing and Stationery","forms-printing-and-stationery","prontoShippingLabels","Pronto Shipping Labels 100mmx150mm (Roll)","number",FALSE,"","",""
"Product Review Committee Voting Form","product-review-committee-voting-form","selectProductOrInitiative","Select from the following product or initiative proposals","radio",TRUE,"(Product) Kondor Blue cable range - HDMI (all sizes and configurations), USB, power cables, audio etc.;(Product) Violet Mae camera straps. Single and dual leather harnesses in black, brown, pink and white.;(Product) Hollyland Mars 4K wireless video transmission system.;(Product) Lexar portable data backup card reader;(Product) Number of Smallrig Accessories (Michael Arenson);(Initiative) Continuous video lighting kit proposal;(Product) Kupo cinema accessories;(Product) Leofoto Cages and accessories flagship store trial;(Product) SmallRig x PotatoJet Quick Setup Tripod;(Product) TTArtisan On-Camera Flash (GN12);(Initiative) Nisi Filter Product Expansion (Standard TrueColour VND, 1/8 Promist Filters)","","Product or Initiative Description"
"Product Review Committee Voting Form","product-review-committee-voting-form","marketNeed","Market Need","radio",TRUE,"1 - No clear market need;2 - Limited market need;3 - Moderate market need;4 - Strong market need;5 - Very strong market need","","Market Demand"
"Product Review Committee Voting Form","product-review-committee-voting-form","marketNeedAdditionalNotes","Additional Notes (Optional)","textarea",FALSE,"","","Market Demand"
"Product Review Committee Voting Form","product-review-committee-voting-form","customerInterest","Customer Interest","radio",TRUE,"1 - No evidence of customer interest;2 - Limited evidence of customer interest;3 - Moderate evidence of customer interest;4 - Strong evidence of customer interest;5 - Very strong evidence of customer interest","","Market Demand"
"Product Review Committee Voting Form","product-review-committee-voting-form","customerInterestAdditionalNotes","Additional Notes (Optional)","textarea",FALSE,"","","Market Demand"
"Product Review Committee Voting Form","product-review-committee-voting-form","uniqueSellingProposition","Unique Selling Proposition","radio",TRUE,"1 - No unique selling proposition;2 - Limited unique selling proposition;3 - Moderate unique selling proposition;4 - Strong unique selling proposition;5 - Very strong unique selling proposition","","Competitive Advantage"
"Product Review Committee Voting Form","product-review-committee-voting-form","uniqueSellingPropositionAdditionalNotes","Additional Notes (Optional)","textarea",FALSE,"","","Competitive Advantage"
"Product Review Committee Voting Form","product-review-committee-voting-form","differentiation","Differentiation","radio",TRUE,"1 - No differentiation from competitors (Multiple competitors);2 - Limited differentiation from competitors;3 - Moderate differentiation from competitors;4 - Strong differentiation from competitors;5 - Very strong differentiation from competitors (No competitors)","","Competitive Advantage"
"Product Review Committee Voting Form","product-review-committee-voting-form","differentiationAdditionalNotes","Additional Notes (Optional)","textarea",FALSE,"","","Competitive Advantage"
"Product Review Committee Voting Form","product-review-committee-voting-form","customerValue","Customer Value","radio",TRUE,"1 - No added value to customers;2 - Limited added value to customers;3 - Moderate added value to customers;4 - Strong added value to customers;5 - Very strong added value to customers","","Competitive Advantage"
"Product Review Committee Voting Form","product-review-committee-voting-form","customerValueAdditionalNotes","Additional Notes (Optional)","textarea",FALSE,"","","Competitive Advantage"
"Product Review Committee Voting Form","product-review-committee-voting-form","supplierAvailability","Supplier Availability","radio",TRUE,"1 - No available suppliers (local or overseas);2 - Limited supplier availability; only overseas or niche suppliers;3 - Moderate availability; mix of overseas suppliers with limited local options;4 - Strong availability; multiple well-established Australian and overseas suppliers;5 - Very strong availability; Available through current supplier(s)","","Supplier Availability"
"Product Review Committee Voting Form","product-review-committee-voting-form","supplierNotes","Supplier Notes: [Provide additional supplier information in applicable]","textarea",FALSE,"","","Supplier Availability"
"Product Review Committee Voting Form","product-review-committee-voting-form","productViable","Do you think this product is viable for Ted's Camera's?","radio",TRUE,"Yes - this product is viable;No - this initiative is not viable","","Your Definitive Vote"
"Product Review Committee Voting Form","product-review-committee-voting-form","productViabilityNotes","Viability Notes: [Provide additional viability information in applicable]","textarea",FALSE,"","","Your Definitive Vote"
"Product Review Committee Voting Form","product-review-committee-voting-form","customerImpactExperience","Will this improve the customer journey, satisfaction, or engagement?","radio",TRUE,"1 - Significant Negative Impact;2 - Minor Negative Impact;3 - Neutral / No Impact;4 - Minor Positive Impact;5 - Significant Positive Impact","","Customer Impact & Experience"
"Product Review Committee Voting Form","product-review-committee-voting-form","customerImpactExperienceAdditionalNotes","Additional Notes (Optional)","textarea",FALSE,"","","Customer Impact & Experience"
"Product Review Committee Voting Form","product-review-committee-voting-form","revenueGrowthSalesPotential","Does the initiative offer clear potential to increase sales or drive higher-value transactions?","radio",TRUE,"1 - Significant Negative Impact;2 - Minor Negative Impact;3 - Neutral / No Impact;4 - Minor Positive Impact;5 - Significant Positive Impact","","Revenue Growth & Sales Potential"
"Product Review Committee Voting Form","product-review-committee-voting-form","revenueGrowthSalesPotentialAdditionalNotes","Additional Notes (Optional)","textarea",FALSE,"","","Revenue Growth & Sales Potential"
"Product Review Committee Voting Form","product-review-committee-voting-form","innovationCompetitiveAdvantage","Does it offer a unique approach or keep us ahead of competitors and trends?","radio",TRUE,"1 - Significant Negative Impact;2 - Minor Negative Impact;3 - Neutral / No Impact;4 - Minor Positive Impact;5 - Significant Positive Impact","","Innovation & Competitive Advantage"
"Product Review Committee Voting Form","product-review-committee-voting-form","innovationCompetitiveAdvantageAdditionalNotes","Additional Notes (Optional)","textarea",FALSE,"","","Innovation & Competitive Advantage"
"Product Review Committee Voting Form","product-review-committee-voting-form","staffImpact","What is the expected impact on staff workload, morale, training needs, or efficiency?","radio",TRUE,"1 - Significant Negative Impact;2 - Minor Negative Impact;3 - Neutral / No Impact;4 - Minor Positive Impact;5 - Significant Positive Impact","","Staff Impact"
"Product Review Committee Voting Form","product-review-committee-voting-form","staffImpactAdditionalNotes","Additional Notes (Optional)","textarea",FALSE,"","","Staff Impact"
"Product Review Committee Voting Form","product-review-committee-voting-form","initiativeViable","Do you think this initiative is viable for Ted's Camera's?","radio",TRUE,"Yes - this initiative is viable;No - this initiative is not viable","","Your Definitive Vote"
"Product Review Committee Voting Form","product-review-committee-voting-form","initiativeViabilityNotes","Viability Notes: [Provide additional viability information in applicable]","textarea",FALSE,"","","Your Definitive Vote"
"Staff Engagement & Training Survey","staff-engagement-training-survey","howConfidentApplyingSkills","How confident do you feel applying the skills learned in our recent training modules?","radio",TRUE,"Very confident;Somewhat confident;Neutral;Somewhat unsure;Not confident at all","","Training Effectiveness & Application"
"Staff Engagement & Training Survey","staff-engagement-training-survey","mostBeneficialAspects","Which aspects of the training have been most beneficial in your daily tasks?","textarea",FALSE,"","","Training Effectiveness & Application"
"Staff Engagement & Training Survey","staff-engagement-training-survey","additionalTrainingNeeded","Are there areas where you feel additional training or resources would be helpful?","textarea",FALSE,"","","Training Effectiveness & Application"
"Staff Engagement & Training Survey","staff-engagement-training-survey","communicationRating","How would you rate communication between your store and head office team members?","radio",TRUE,"Excellent;Good;Fair;Poor;Very Poor","","Communication"
"Staff Engagement & Training Survey","staff-engagement-training-survey","communicationImprovements","Are there ways communication or support from head office could be further improved?","textarea",FALSE,"","","Communication"
"Staff Engagement & Training Survey","staff-engagement-training-survey","connectedPortalChanges","How have you found the recent changes to the Connected Portal?","radio",TRUE,"Very helpful;Somewhat helpful;Neutral;Slightly unhelpful;Not helpful at all","","Connected Portal"
"Staff Engagement & Training Survey","staff-engagement-training-survey","connectedPortalUsageLikelihood","Are you more likely to use the Connected Portal now compared to before the changes?","radio",TRUE,"Much more likely;Somewhat more likely;No change;Somewhat less likely;Much less likely","","Connected Portal"
"Staff Engagement & Training Survey","staff-engagement-training-survey","connectedPortalImprovements","What could make the Connected Portal even more useful for your store?","textarea",FALSE,"","","Connected Portal"
"Staff Engagement & Training Survey","staff-engagement-training-survey","nisiFiltersSuccess","How successful have NISI filters been in meeting customer needs so far?","radio",TRUE,"Very successful;Somewhat successful;Neutral;Somewhat unsuccessful;Not successful at all","","Nisi Products"
"Staff Engagement & Training Survey","staff-engagement-training-survey","nisiProductRangeBolstered","Do you feel that adding products like NISI has bolstered our overall product range?","radio",TRUE,"Strongly agree;Agree;Neutral;Disagree;Strongly disagree","","Nisi Products"
"Staff Engagement & Training Survey","staff-engagement-training-survey","nisiCustomerPositiveResponse","Which aspects of NISI products do customers respond to most positively?","textarea",FALSE,"","","Nisi Products"
"Staff Selling Second Hand Cameras","staff-selling-second-hand-cameras","staffName","Staff Name","text",TRUE,"","Staff who is trading 2nd Hand Equipment",""
"Staff Selling Second Hand Cameras","staff-selling-second-hand-cameras","dateTradedIn","Date Traded In","text",TRUE,"","",""
"Staff Selling Second Hand Cameras","staff-selling-second-hand-cameras","secondHandTradeInRefNumber","Second Hand Trade In Ref Number","text",TRUE,"","Ref Number Eg SH2SYDN40687",""
"Staff Selling Second Hand Cameras","staff-selling-second-hand-cameras","store","Store","text",TRUE,"","",""
"Staff Selling Second Hand Cameras","staff-selling-second-hand-cameras","nameOfManagerWhoApprovedAndProcessed","Name of Manager Who Approved and Processed","text",TRUE,"","",""
"Staff Selling Second Hand Cameras","staff-selling-second-hand-cameras","equipmentBeingSold","Equipment Being Sold","textarea",TRUE,"","",""
"Staff Selling Second Hand Cameras","staff-selling-second-hand-cameras","amounts","Amounts $","currency",TRUE,"","",""
"Staff Selling Second Hand Cameras","staff-selling-second-hand-cameras","sign","Sign","text",TRUE,"","By Signing This document I am declaring that I am the legal owner of these goods and I am transferring ownership to Ted's Camera Stores Vic Pty Ltd",""
"Staff Training Survey","staff-training-survey","typesOfTraining","What types of training do you feel would benefit you the most?","select",TRUE,"Product knowledge (specific camera models, accessories, etc.);Sales techniques;Technical skills (Pronto);Trade-in;Video Camera Training","",""
"Staff Training Survey","staff-training-survey","productKnowledgeConfidence","How confident are you in your current product knowledge?","radio",TRUE,"Very confident;Confident;Neutral;Not very confident;Not confident at all","",""
"Staff Training Survey","staff-training-survey","areasNeedingImprovement","Which areas of product training do you think need improvement?","select",TRUE,"Understanding new camera models;Features and specifications of cameras;Accessories and complementary products;Video camera training","",""
"Staff Training Survey","staff-training-survey","preferredTrainingFormat","What format of training do you prefer?","radio",TRUE,"In-person workshops;Online courses;Printed materials/manuals;Video tutorial","",""
"Staff Training Survey","staff-training-survey","trainingFrequency","How often would you like to receive training updates or sessions?","radio",TRUE,"Bi-weekly;Weekly;Fortnightly;Monthly","",""
"Team Member Recognition Form","team-member-recognition-form","teamMemberName","Team Member Name","text",TRUE,"","","Team Member Being Recognised"
"Team Member Recognition Form","team-member-recognition-form","teamMemberRolePosition","Team Member Role/Position","text",FALSE,"","","Team Member Being Recognised"
"Team Member Recognition Form","team-member-recognition-form","typeOfRecognition","Type of Recognition","select",TRUE,"Following the FOCUS Sales Framework;Outstanding Customer Service;Going Above and Beyond;Team Collaboration;Leadership/Support;Other (please specify)","","Recognition Details"
"Team Member Recognition Form","team-member-recognition-form","descriptionOfRecognition","Description of Recognition","textarea",TRUE,"","Example: ""Describe what the team member did and the impact it had on the customer, team, or store.""","Recognition Details"
"Team Member Recognition Form","team-member-recognition-form","dateOfOccurrence","Date of Occurrence","text",FALSE,"","","Supporting Details (Optional)"
"Team Member Recognition Form","team-member-recognition-form","customerNameOrderNumber","Customer Name/Order Number","text",FALSE,"","(if applicable)","Supporting Details (Optional)"
"Team Member Recognition Form","team-member-recognition-form","additionalComments","Additional Comments","textarea",FALSE,"","Please provide any extra notes, context, or suggestions.","Supporting Details (Optional)"
"Ted's Camera & Dcw - Agm 2026 Rsvp Form","ted-s-camera-dcw-agm-2026-rsvp-form","fullName","Full Name","text",TRUE,"","",""
"Ted's Camera & Dcw - Agm 2026 Rsvp Form","ted-s-camera-dcw-agm-2026-rsvp-form","whichStoreIsYourMainLocation","Which Store is your main location?","text",TRUE,"","",""
"Ted's Camera & Dcw - Agm 2026 Rsvp Form","ted-s-camera-dcw-agm-2026-rsvp-form","areYouAbleToAttend","Are you Able to Attend?","radio",TRUE,"Yes;No","",""
"Ted's Camera & Dcw - Agm 2026 Rsvp Form","ted-s-camera-dcw-agm-2026-rsvp-form","doYouHaveAnyDietaryRestrictions","Do you have any dietary restrictions? Please select all that apply","select",FALSE,"No;Vegetarian;Vegan;Gluten-Free;Dairy-Free;Other ( please specify below )","",""
"Ted's Camera & Dcw - Agm 2026 Rsvp Form","ted-s-camera-dcw-agm-2026-rsvp-form","ifOtherForDietaryRestrictionsSelectedPleaseElaborateBelow","If Other for Dietary Restrictions Selected Please Elaborate Below","textarea",FALSE,"","",""
"Ted's Camera & Dcw - Agm 2026 Rsvp Form","ted-s-camera-dcw-agm-2026-rsvp-form","letUsKnowIsThereIsAnythingElseYouWouldLikeToTellUs","Let us know is there is anything else you would like to tell us. Hope to see you there!","textarea",FALSE,"","",""
"Ted's Cameras Application Form - Needs Editing","ted-s-cameras-application-form-needs-editing","title","Title","radio",TRUE,"Mr;Mrs;Ms;Miss","","Personal Details"
"Ted's Cameras Application Form - Needs Editing","ted-s-cameras-application-form-needs-editing","firstName","First Name","text",TRUE,"","","Personal Details"
"Ted's Cameras Application Form - Needs Editing","ted-s-cameras-application-form-needs-editing","middleName","Middle Name","text",FALSE,"","","Personal Details"
"Ted's Cameras Application Form - Needs Editing","ted-s-cameras-application-form-needs-editing","surname","Surname","text",TRUE,"","","Personal Details"
"Ted's Cameras Application Form - Needs Editing","ted-s-cameras-application-form-needs-editing","city","City","text",TRUE,"","","Personal Details"
"Ted's Cameras Application Form - Needs Editing","ted-s-cameras-application-form-needs-editing","state","State","radio",TRUE,"VIC;NSW;SA;WA;QLD;TAS","","Personal Details"
"Ted's Cameras Application Form - Needs Editing","ted-s-cameras-application-form-needs-editing","postcode","Postcode","text",TRUE,"","","Personal Details"
"Ted's Cameras Application Form - Needs Editing","ted-s-cameras-application-form-needs-editing","email","Email","text",TRUE,"","","Personal Details"
"Ted's Cameras Application Form - Needs Editing","ted-s-cameras-application-form-needs-editing","phoneNumber","Phone Number","text",TRUE,"","","Personal Details"
"Ted's Cameras Application Form - Needs Editing","ted-s-cameras-application-form-needs-editing","dateOfBirth","Date of Birth","text",TRUE,"","","Personal Details"
"Ted's Cameras Application Form - Needs Editing","ted-s-cameras-application-form-needs-editing","gender","Gender","text",TRUE,"","","Personal Details"
"Ted's Cameras Application Form - Needs Editing","ted-s-cameras-application-form-needs-editing","areYouAnAustralianOrNewZealandCitizenPermanentResident","Are you an Australian or New Zealand citizen / Permanent resident?","radio",TRUE,"Yes;No","","Personal Details"
"Ted's Cameras Application Form - Needs Editing","ted-s-cameras-application-form-needs-editing","doYouHaveAWorkVisa","Do you have a work visa?","radio",FALSE,"Yes;No","",""
"Ted's Cameras Application Form - Needs Editing","ted-s-cameras-application-form-needs-editing","pleaseUploadACopyOfTheWorkVisaAndYourPassport","Please upload a copy of the Work Visa and your Passport","file",FALSE,"","",""
"Ted's Cameras Application Form - Needs Editing","ted-s-cameras-application-form-needs-editing","positionAppliedFor","Position Applied For","radio",TRUE,"Sales Assistant;Storeperson;Assistant Manager;Store Manager;Head Office","",""
"Ted's Cameras Application Form - Needs Editing","ted-s-cameras-application-form-needs-editing","location","Location","text",TRUE,"","",""
"Ted's Cameras Application Form - Needs Editing","ted-s-cameras-application-form-needs-editing","employmentAvailability","Employment Availability","radio",TRUE,"Casual;Part Time;Full time","",""
"Ted's Cameras Application Form - Needs Editing","ted-s-cameras-application-form-needs-editing","availableStartDate","Available Start Date","text",TRUE,"","",""
"Ted's Cameras Application Form - Needs Editing","ted-s-cameras-application-form-needs-editing","haveYouPreviouslyBeenEmployedWithTeds","Have you previously been employed with Teds?","radio",TRUE,"Yes;No","",""
"Ted's Cameras Application Form - Needs Editing","ted-s-cameras-application-form-needs-editing","pleaseProvideDetailsLocationRoleReasonsForLeavingStartEndDates","Please provide details: Location, Role, Reasons for leaving, Start / End Dates","textarea",FALSE,"","",""
"Ted's Cameras Application Form - Needs Editing","ted-s-cameras-application-form-needs-editing","country","Country","text",FALSE,"","","Equal Employment Opportunity"
"Ted's Cameras Application Form - Needs Editing","ted-s-cameras-application-form-needs-editing","nationality","Nationality","text",FALSE,"","","Equal Employment Opportunity"
"Ted's Cameras Application Form - Needs Editing","ted-s-cameras-application-form-needs-editing","isEnglishYourFirstLanguage","Is English your first language?","radio",FALSE,"Yes;No;N/A","","Equal Employment Opportunity"
"Ted's Cameras Application Form - Needs Editing","ted-s-cameras-application-form-needs-editing","isWasEnglishYourMothersFirstLanguage","Is (was) English your Mother's first language?","radio",FALSE,"Yes;No;N/A","","Equal Employment Opportunity"
"Ted's Cameras Application Form - Needs Editing","ted-s-cameras-application-form-needs-editing","isWasEnglishYourFathersFirstLanguage","Is (was) English your Father's first language?","radio",FALSE,"Yes;No;N/A","","Equal Employment Opportunity"
"Ted's Cameras Application Form - Needs Editing","ted-s-cameras-application-form-needs-editing","areYouOfAboriginalOrigin","Are you of Aboriginal origin?","radio",FALSE,"Yes;No","","Equal Employment Opportunity"
"Ted's Cameras Application Form - Needs Editing","ted-s-cameras-application-form-needs-editing","areYouATorresStraitIslanderOrigin","Are you a Torres Strait Islander origin?","radio",FALSE,"Yes;No","","Equal Employment Opportunity"
"Ted's Cameras Application Form - Needs Editing","ted-s-cameras-application-form-needs-editing","doYouHaveADisability","Do you have a disability?","radio",FALSE,"Yes;No","","Equal Employment Opportunity"
"Ted's Cameras Application Form - Needs Editing","ted-s-cameras-application-form-needs-editing","pleaseIndicateHowTheWorkplaceMightBeAdjustedToOvercomeAnyBarriersThatMayAffectYourPerformance","Please indicate how the workplace might be adjusted to overcome any barriers that may affect your performance","textarea",FALSE,"","","Equal Employment Opportunity"
"Ted's Cameras Application Form - Needs Editing","ted-s-cameras-application-form-needs-editing","doYouHaveAnyPhysicalConditionWhichCouldAffectYourAbilityToPerformTheDutiesOfThePositionForWhichYouAreApplying","Do you have any physical condition which could affect your ability to perform the duties of the position for which you are applying?","radio",FALSE,"Yes;No","","Equal Employment Opportunity"
"Ted's Cameras Application Form - Needs Editing","ted-s-cameras-application-form-needs-editing","pleaseProvideDetailsPhysicalCondition","Please provide details","textarea",FALSE,"","","Equal Employment Opportunity"
"Ted's Cameras Application Form - Needs Editing","ted-s-cameras-application-form-needs-editing","couldAPreExistingConditionBeAggravatedByTasksYouMayBeRequiredToPerform","Could a pre-existing condition be aggravated by tasks you may be required to perform?","radio",FALSE,"Yes;No","","Equal Employment Opportunity"
"Ted's Cameras Application Form - Needs Editing","ted-s-cameras-application-form-needs-editing","pleaseProvideDetailsPreExistingCondition","Please provide details","textarea",FALSE,"","","Equal Employment Opportunity"
"Ted's Cameras Application Form - Needs Editing","ted-s-cameras-application-form-needs-editing","iHaveReadAndUnderstoodThisDeclaration","I have read and understood this declaration","radio",TRUE,"Yes","","Applicant's Declaration"
"Ted's Cameras Application Form - Needs Editing","ted-s-cameras-application-form-needs-editing","areYouUnder18Years","Are you under 18 years?","radio",TRUE,"Yes;No","","Police Check"
"Ted's Cameras Application Form - Needs Editing","ted-s-cameras-application-form-needs-editing","completedPoliceCheckForm","Completed Police Check Form","file",FALSE,"","","Police Check"
"Ted's Cameras Application Form - Needs Editing","ted-s-cameras-application-form-needs-editing","selfieDocument","Selfie Document","file",FALSE,"","A head shot of yourself holding photo ID (eg. Driver's licence) next to your face – the photo must be clear to read and in colour","Police Check"
"Ted's Cameras Application Form - Needs Editing","ted-s-cameras-application-form-needs-editing","commencementIdDocument","Commencement ID Document","file",FALSE,"","Submit if you are under 18 years","Police Check"
"Ted's Cameras Application Form - Needs Editing","ted-s-cameras-application-form-needs-editing","primaryIdDocument","Primary ID Document","file",FALSE,"","Submit if you are under 18 years","Police Check"
"Ted's Cameras Application Form - Needs Editing","ted-s-cameras-application-form-needs-editing","secondaryIdDocument1","Secondary ID Document 1","file",FALSE,"","Submit if you are under 18 years","Police Check"
"Ted's Cameras Application Form - Needs Editing","ted-s-cameras-application-form-needs-editing","secondaryIdDocument2","Secondary ID Document 2","file",FALSE,"","Submit if you are under 18 years","Police Check"
"Ted's Cameras Employee Banking Details Form","ted-s-cameras-employee-banking-details-form","accountHoldersName","Account Holder's Name","text",TRUE,"","",""
"Ted's Cameras Employee Banking Details Form","ted-s-cameras-employee-banking-details-form","bankName","Bank Name","text",TRUE,"","",""
"Ted's Cameras Employee Banking Details Form","ted-s-cameras-employee-banking-details-form","branchAddress","Branch Address","textarea",TRUE,"","",""
"Ted's Cameras Employee Banking Details Form","ted-s-cameras-employee-banking-details-form","bankAccountScreenshot","Please upload bank account number here","file",TRUE,"","Please upload a screenshot or photo of your bank account details. Your full name and bank account should be visible. Ensure no account balances information is visible in your screenshot.",""
"Ted's Cameras Employee Banking Details Form","ted-s-cameras-employee-banking-details-form","signature","Signature","text",TRUE,"","Please sign your Signature acknowledging the information you provided is true and correct",""
"Teds Events Submission Form for Humanitix","teds-events-submission-form-for-humanitix","eventName","What is your event called?","text",TRUE,"","",""
"Teds Events Submission Form for Humanitix","teds-events-submission-form-for-humanitix","date","Date","text",TRUE,"","",""
"Teds Events Submission Form for Humanitix","teds-events-submission-form-for-humanitix","startAndFinishTime","Start and Finish Time","text",TRUE,"","",""
"Teds Events Submission Form for Humanitix","teds-events-submission-form-for-humanitix","locationMeetingPlace","Location/Meeting Place","text",TRUE,"","",""
"Teds Events Submission Form for Humanitix","teds-events-submission-form-for-humanitix","courseDescription","Course Description","textarea",TRUE,"","",""
"Teds Events Submission Form for Humanitix","teds-events-submission-form-for-humanitix","whatWillTheStudentsLearn","What will the students learn? (in dot point for please)","textarea",TRUE,"","",""
"Teds Events Submission Form for Humanitix","teds-events-submission-form-for-humanitix","whatDoesTheCustomerNeedToBring","What does the customer need to bring? (in dot point form please)","textarea",FALSE,"","",""
"Teds Events Submission Form for Humanitix","teds-events-submission-form-for-humanitix","isThereABreakForFood","Is there a break for food? Is food provided?","radio",TRUE,"No;Yes there is a break, but food is not provided;Yes there is a break, food is provided","",""
"Teds Events Submission Form for Humanitix","teds-events-submission-form-for-humanitix","isThereAnOfferForAttendees","Is there an offer for those that attend the event?","textarea",FALSE,"","",""
"Teds Events Submission Form for Humanitix","teds-events-submission-form-for-humanitix","whichTedsIsHostingTheEvent","Which Ted's is hosting the event?","radio",TRUE,"Ted's Academy ACT;Ted's Academy NSW;Ted's Academy QLD;Ted's Academy SA;Ted's Academy VIC;Ted's Academy WA;Ted's World of Imaging","",""
"Teds Events Submission Form for Humanitix","teds-events-submission-form-for-humanitix","isEventBeingHostedAnywhereElse","Is this event being hosted anywhere else/do the suppliers want to host it in another state?","textarea",FALSE,"","",""
"Teds Events Submission Form for Humanitix","teds-events-submission-form-for-humanitix","coursePriceSuggestion","Course Price Suggesion","currency",TRUE,"","",""
"Teds Events Submission Form for Humanitix","teds-events-submission-form-for-humanitix","studentQty","Student Qty","number",TRUE,"","",""
"Teds Events Submission Form for Humanitix","teds-events-submission-form-for-humanitix","whichTedsStaffWillBeAttending","Which Ted's staff will be attending?","textarea",TRUE,"","It's recommended to have 1 Staff member or Brand Rep per 5 customers depending on the event",""
"Teds Events Submission Form for Humanitix","teds-events-submission-form-for-humanitix","headBannerPhotograph","Is there a particular photograph you would like for the head banner on the events page? Please upload if so.","file",FALSE,"","",""
"Teds Events Submission Form for Humanitix","teds-events-submission-form-for-humanitix","supplierRepContactInformation","Who is the Rep from the supplier? Please supply their contact information","textarea",TRUE,"","",""
"Teds Events Submission Form for Humanitix","teds-events-submission-form-for-humanitix","areThereExpensesWhoIsPaying","Are there any expenses involved with this event? Who is paying for it?","textarea",FALSE,"","Its recommended for each event to have $60-$90 of advertising spend to get attendance",""
"Teds Events Submission Form for Humanitix","teds-events-submission-form-for-humanitix","anyOtherNotes","Any other notes?","textarea",FALSE,"","",""
"Ted's Cameras Social Media Content Submission Form","ted-s-cameras-social-media-content-submission-form","yourName","Your Name","text",TRUE,"","",""
"Ted's Cameras Social Media Content Submission Form","ted-s-cameras-social-media-content-submission-form","storeDepartment","Store / Department","radio",TRUE,"Adelaide;Brisbane;Canberra Centre;Canberra Civic;Chadstone;Chatswood;Doncaster;Fountain Gate;Innaloo;Maroochydore;Melbourne;Mt Gravatt;Pacific Fair;Perth;Sydney;Other","",""
"Ted's Cameras Social Media Content Submission Form","ted-s-cameras-social-media-content-submission-form","briefDescriptionOfTheContent","Brief description of the content","textarea",TRUE,"","",""
"Ted's Cameras Social Media Content Submission Form","ted-s-cameras-social-media-content-submission-form","uploadYourContentHere","Upload your content here","file",TRUE,"","",""
"Ted's Cameras Social Media Content Submission Form","ted-s-cameras-social-media-content-submission-form","doYouHaveASuggestedCaptionOrHashtag","Do you have a suggested caption or hashtag?","text",FALSE,"","",""
"Ted's Cameras Social Media Content Submission Form","ted-s-cameras-social-media-content-submission-form","whatsYourInstagramHandle","What's your Instagram handle?","text",FALSE,"","",""
"Ted's Cameras Social Media Content Submission Form","ted-s-cameras-social-media-content-submission-form","wouldYouLikeUsToTagMentionOrCollabWithYou","Would you like us to tag, mention, or collab with you? (choose what you prefer)","radio",FALSE,"Tag;Collab;Mention;All","",""
"Ted's Cameras Social Media Content Submission Form","ted-s-cameras-social-media-content-submission-form","anyOtherNotesOrContext","Any other notes or context?","textarea",FALSE,"","",""
"Viltrox 8k Hdmi Cable Voting Form","viltrox-8k-hdmi-cable-voting-form","definitiveVote","Do you think this product is viable for Ted's Camera's?","radio",TRUE,"Yes – this product is viable;No – this initiative is not viable","Please consider market demand and supplier availability","Your Definitive Vote"
"Viltrox 8k Hdmi Cable Voting Form","viltrox-8k-hdmi-cable-voting-form","viabilityNotes","Viability Notes","textarea",FALSE,"","Provide additional viability information if applicable",""
"Viltrox 8k Hdmi Cable Voting Form","viltrox-8k-hdmi-cable-voting-form","supplierNotes","Supplier Notes","textarea",FALSE,"","Provide additional supplier information if applicable",""
"Viltrox V-mount Batteries Voting Form","viltrox-v-mount-batteries-voting-form","productViability","Do you think this product is viable for Ted's Camera's?","radio",TRUE,"Yes - this product is viable;No - this initiative is not viable","Please consider market demand and supplier availability",""
"Viltrox V-mount Batteries Voting Form","viltrox-v-mount-batteries-voting-form","viabilityNotes","Viability Notes","textarea",FALSE,"","Provide additional viability information if applicable",""
"Viltrox V-mount Batteries Voting Form","viltrox-v-mount-batteries-voting-form","supplierNotes","Supplier Notes","textarea",FALSE,"","Provide additional supplier information if applicable",""
"Weekly Store Report","weekly-store-report","storeName","Store Name","text",TRUE,"","",""
"Weekly Store Report","weekly-store-report","completedBy","Completed By","text",TRUE,"","",""
"Weekly Store Report","weekly-store-report","footTrafficConsumerBehaviour","Foot Traffic/Consumer Behaviour","textarea",TRUE,"","",""
"Weekly Store Report","weekly-store-report","stockIssuesOutOfStockImpactOnSales","Stock - Issues, Out of Stock, Impact On Sales","textarea",TRUE,"","",""
"Weekly Store Report","weekly-store-report","competitorActivity","Competitor Activity","textarea",TRUE,"","",""
"Weekly Store Report","weekly-store-report","staff","Staff","textarea",TRUE,"","",""
"Weekly Store Report","weekly-store-report","regionalStoreIssues","Regional/Store Issues","textarea",TRUE,"","",""
"Weekly Store Report","weekly-store-report","labPassportsFilmProcessingIssuesPrinting","Lab - Passports, Film Processing, Issues, Printing","textarea",TRUE,"","",""
"Weekly Store Report","weekly-store-report","bestOnGround","Best On Ground","textarea",FALSE,"","",""
"Weekly Store Report","weekly-store-report","storeTcpAttachment","Store TCP Attachment","file",FALSE,"","",""
"Weekly Store Report","weekly-store-report","storeClubTedAttachment","Store Club Ted Attachment","file",FALSE,"","",""
"Weekly Store Report","weekly-store-report","allInvoicesReceivedAndEntered","All Invoices Received and Entered","radio",TRUE,"Yes","",""
"Weekly Store Report","weekly-store-report","rosterTimesheetVariancesCompleted","Roster Timesheet Variances Completed","radio",TRUE,"Yes","",""
"Weekly Store Report","weekly-store-report","allBankingCompletedAndTakenToBank","All Banking Completed and Taken to Bank","radio",TRUE,"Yes","",""
"Weekly Store Report","weekly-store-report","secondHandPaymentsCheckAndApproved","Second Hand Payments Check and Approved","radio",TRUE,"Yes","",""
"Weekly Store Report","weekly-store-report","secondHandStockOutOfCoolingDownPutOnDisplay","Second Hand Stock out of cooling down put on display","radio",TRUE,"Yes","",""
"Weekly Store Report","weekly-store-report","allRepairsProcessedAndSent","All Repairs Processed and Sent","radio",TRUE,"Yes","",""
